id,domain,status,purchase_price,renewal_price,attractiveness,demand,length,registrar,created_at,expires_at,status_verified_at
9cffca40-c2d3-4845-b643-19d0ff74b24b,military.dev,premium,427.7,427.7,high,low,8,namecheap,,,25/09/2026 20:05
f1f4dd95-c36c-4761-b4e2-f915dad7feba,military.industries,premium,260,260,high,low,8,namecheap,,,25/09/2026 20:05
163c68b5-209a-4065-9720-0cbb8a5c9c3d,military.build,premium,1950,1950,high,low,8,namecheap,,,27/09/2026 06:35
efdc11be-bf45-4fdf-a3db-07c9fccfaa5d,military.institute,premium,260,260,high,low,8,namecheap,,,25/09/2026 20:05
a74b534f-e75b-44ba-87c9-1e2d3fbf48ae,military.insure,available,76.98,91.98,high,low,8,namecheap,,,25/09/2026 20:05
e8b4587a-cf1e-41c6-b2bf-f906dde6f516,military.exposed,premium,128.7,128.7,high,low,8,namecheap,,,25/09/2026 20:05
c87771a7-861b-478f-bd66-6610b83f7e57,military.forum,premium,130,130,high,low,8,namecheap,,,25/09/2026 20:05
a1e8e1a9-32ed-45c1-bb7a-7f29f6356b3c,military.doctor,available,5.98,154.98,high,low,8,namecheap,,,25/09/2026 20:05
37245d07-bf8e-4a93-8635-a51fd81dd54d,military.black,available,17.48,82.98,high,low,8,namecheap,,,25/09/2026 20:05
3deb9707-99dd-40a3-a289-fa07b34dcb4f,military.pro,resell,,,high,low,8,Unstoppable Domains Inc,20/05/2019 10:24,20/05/2027 10:24,26/09/2026 07:33
ace167ce-6620-4c54-ab4b-db936e050563,military.work,resell,,,high,low,8,"Wild West Domains, Inc.",10/02/2015 16:00,10/02/2027 16:00,26/09/2026 07:33
f9ee2b24-877e-42f3-8ada-49ff139d2e41,military.productions,available,6.48,50.98,high,low,8,namecheap,,,25/09/2026 20:05
fa5c7dc5-0e9d-4834-989e-533fe9a6e63a,military.loan,premium,13000,130,high,low,8,namecheap,,,25/09/2026 20:05
ddee84aa-6756-474d-8b8d-0a98dfdd77f8,military.garden,available,1.98,43.98,high,low,8,namecheap,,,25/09/2026 20:05
c4b79750-ef22-4f8b-aea8-14b474aaba81,military.cheap,available,5.98,49.98,high,low,8,namecheap,,,25/09/2026 20:05
8c4fc9c2-e518-4898-9aae-9f16ccd7b398,military.navy,premium,128.7,128.7,high,low,8,namecheap,,,25/09/2026 20:05
fb7c37c4-b08c-47a3-833f-8f8348c86f6a,military.town,available,6.98,47.48,high,low,8,namecheap,,,25/09/2026 20:05
b0ddf258-88c8-4d42-96ec-66b0ce7cbe29,military.markets,premium,85.8,85.8,high,low,8,namecheap,,,25/09/2026 20:05
97d8533c-d0fc-48ed-819c-e1959bcac5a6,military.website,premium,650,1300,high,low,8,namecheap,,,25/09/2026 20:05
b815bf68-3550-4f6f-9c1a-eb6c6b046550,military.faith,available,12.98,16.98,high,low,8,namecheap,,,25/09/2026 20:05
284ee6e2-f6d9-4caf-be78-ed34a188cbfc,military.ski,resell,,,high,low,8,"GoDaddy.com, LLC",03/04/2016 22:27,03/04/2027 22:27,26/09/2026 07:33
b784a8da-cd49-40ce-b433-a4c2a5317237,military.cars,available,2070,2950,high,low,8,namecheap,,,25/09/2026 20:05
1261e39b-7994-4abf-a8fa-e531cd11f8ac,military.clinic,available,11.98,82.98,high,low,8,namecheap,,,25/09/2026 20:05
7072fc05-bbe5-40b5-a0f5-534fe22f687e,military.car,available,2070,2400,high,low,8,namecheap,,,25/09/2026 20:05
f0ea119a-fa5c-4daa-8091-ac90cb0ebeff,military.cx,available,19.98,26.98,high,low,8,namecheap,,,25/09/2026 20:05
17182cde-f424-4e61-8a09-25f62b3cb938,military.engineering,available,10.48,85.98,high,low,8,namecheap,,,25/09/2026 20:05
da3e4045-b84a-43fd-a677-07f56a434aad,military.sexy,available,2998,3298,high,low,8,namecheap,,,25/09/2026 20:05
0e843afe-84d0-4077-ad89-19a80eca121b,military.best,premium,103.77,103.77,high,low,8,namecheap,,,25/09/2026 20:05
e041335a-5d9b-462c-9d19-d941f3f189f7,military.solar,available,67.98,81.98,high,low,8,namecheap,,,25/09/2026 20:05
6a15285e-277b-4d68-87cd-1a9507f8ec1c,military.place,premium,64.35,128.7,high,low,8,namecheap,,,25/09/2026 20:05
11c6006a-85f3-4e3c-89e4-3834789ebc3b,military.center,resell,,,high,low,8,"Wild West Domains, LLC",19/03/2014 16:00,19/03/2027 16:00,26/09/2026 07:33
412e6bca-55c0-4c51-932f-cedce0c56e84,military.parts,premium,128.7,128.7,high,low,8,namecheap,,,25/09/2026 20:05
3d669de5-80ba-42d2-a200-12092db179d6,military.reisen,available,21.98,28.98,high,low,8,namecheap,,,25/09/2026 20:05
32206cc6-5db5-436e-b80f-084794626942,military.art,premium,1950,91,high,low,8,namecheap,,,25/09/2026 20:05
4a9eeb0b-0444-4dc2-acf9-fdc5f87cf8fe,military.gifts,premium,85.8,85.8,high,low,8,namecheap,,,25/09/2026 20:05
da9cf0cf-bb7d-4785-a3c7-e502cf59060b,military.vodka,available,33.98,43.98,high,low,8,namecheap,,,25/09/2026 20:05
ca6f3870-8c7f-4ec0-9506-ed92814e6d7e,military.airforce,premium,1040,1040,high,low,8,namecheap,,,25/09/2026 20:05
26235b5e-0412-41e0-975a-75fc3e1c33bb,military.im,resell,,,high,low,8,,,,25/09/2026 20:05
5cd3a7fa-ee93-4dc9-8ab1-52ea29c6a012,military.gift,premium,156,156,high,low,8,namecheap,,,25/09/2026 20:05
b09b060c-cc29-45ba-91bd-2601506fc99c,military.taxi,available,8.98,69.98,high,low,8,namecheap,,,25/09/2026 20:05
46970e3d-11fd-453c-b714-31037e7b4eca,military.moda,premium,128.7,128.7,high,low,8,namecheap,,,25/09/2026 20:05
d5806910-ce9c-47ad-85e2-96c7f468c7c7,military.dealer,premium,2015,2600,high,low,8,namecheap,,,25/09/2026 20:05
f3f2a889-18ea-4b22-b8ff-494c16bddd84,military.supply,premium,128.7,128.7,high,low,8,namecheap,,,25/09/2026 20:05
00efc5e0-b3af-475c-a478-9333765314fa,military.credit,premium,260,260,high,low,8,namecheap,,,25/09/2026 20:05
edb20ca0-1d06-4820-892b-e919163b45a5,military.day,premium,323.7,323.7,high,low,8,namecheap,,,25/09/2026 20:05
0ab01ee4-21a1-42d3-8615-f64d6267e71d,military.auto,available,2070,2950,high,low,8,namecheap,,,25/09/2026 20:05
2d42f1a3-530d-4368-a39f-1723c7e066df,military.rich,available,94.99,1999,high,low,8,namesilo,,,25/09/2026 20:05
8696a43d-cfdd-45ff-8580-58eff94a7534,military.archi,available,14.98,132.98,high,low,8,namecheap,,,25/09/2026 20:05
a8db7bc6-7c77-4ab0-b7c8-f751ec561542,military.limited,available,37.98,39.98,high,low,8,namecheap,,,25/09/2026 20:05
97f2fd51-6e33-44b8-b184-adf61a175ba9,military.luxe,available,19.49,19.49,high,low,8,namesilo,,,25/09/2026 20:05
20036c03-16f6-4770-9182-664c422524e7,military.video,premium,64.35,128.7,high,low,8,namecheap,,,25/09/2026 20:05
12b8e60b-c77c-4d00-b5e1-9edc60345602,military.recipes,available,5.48,95.98,high,low,8,namecheap,,,25/09/2026 20:05
d432d45c-1e5e-4ddd-b1a4-012742727641,military.security,available,2070,2950,high,low,8,namecheap,,,25/09/2026 20:05
67ebe1b7-6aa4-48cd-9af9-8963c5f7a0dc,military.voyage,available,61.98,73.98,high,low,8,namecheap,,,25/09/2026 20:05
9fa047e1-2f56-4674-b3e5-3892fe7e6ad9,military.city,premium,42.9,85.8,high,low,8,namecheap,,,25/09/2026 20:05
89f3c29a-1b11-43a6-8498-cb8462f7bc2b,military.yoga,available,33.98,45.98,high,low,8,namecheap,,,25/09/2026 20:05
c0b22501-f906-479c-b602-7d7b6dafe040,military.pub,available,42.98,51.98,high,low,8,namecheap,,,25/09/2026 20:05
8ba58607-ef31-4d0f-b820-1dabd3a6d457,military.cloud,premium,104,130,high,low,8,namecheap,,,25/09/2026 20:05
e71d2992-2655-45da-87f7-125884473360,military.rsvp,premium,323.7,323.7,high,low,8,namecheap,,,25/09/2026 20:05
d6207d55-689e-4a6b-8741-1a6b76acfdd2,military.coach,resell,,,high,low,8,"GoDaddy.com, LLC",10/02/2026 01:46,10/02/2027 01:46,26/09/2026 07:33
d20dd339-cf86-470d-8c14-9f6c05d30348,military.promo,available,11.98,33.48,high,low,8,namecheap,,,25/09/2026 20:05
175ad5c8-700a-4130-acb9-a66576298e6a,military.nexus,premium,167.7,167.7,high,low,8,namecheap,,,25/09/2026 20:05
6464b010-53b0-4a00-bed2-27116cf8ba10,military.social,premium,128.7,128.7,high,low,8,namecheap,,,25/09/2026 20:05
792500f3-191d-4dab-8e95-4e1eac323a59,military.la,resell,2309.78,,high,low,8,.LA Founders Premium Program,27/03/2016 01:28,27/03/2027 23:59,26/09/2026 07:33
31a4d7f5-2051-458b-b765-d0daf8e1bf09,military.health,premium,6500,78,high,low,8,namecheap,,,25/09/2026 20:05
ed87ab02-0100-42e8-b072-d949a81ac27a,military.theatre,available,538.98,620,high,low,8,namecheap,,,25/09/2026 20:05
20e71157-7deb-4f99-9752-a9740893949a,military.boo,premium,323.7,323.7,high,low,8,namecheap,,,25/09/2026 20:05
ff5d35b9-0d41-496a-aec5-da031ebc4867,military.reviews,premium,128.7,128.7,high,low,8,namecheap,,,25/09/2026 20:05
20c55b27-8861-47dd-8d43-72e60cea2a6a,military.healthcare,available,93.98,111.98,high,low,8,namecheap,,,25/09/2026 20:05
73740e85-2ffd-4d48-a8f0-31889fa3df20,military.hamburg,available,69.98,73.98,high,low,8,namecheap,,,25/09/2026 20:05
5e9056f5-f11e-4000-8de9-bff78aa6c073,military.golf,resell,,,high,low,8,"GoDaddy.com, LLC",26/09/2015 14:48,26/09/2027 14:48,28/09/2026 04:42
caccb740-2972-4629-8170-9f3e20b2aed4,military.hospital,premium,128.7,128.7,high,low,8,namecheap,,,25/09/2026 20:05
c536f2a6-2033-43f0-af21-db5aa05f236e,military.osaka,available,32.98,41.98,high,low,8,namecheap,,,25/09/2026 20:05
586a2914-6d95-426f-90c9-01ff950c702d,military.cat,available,26.98,38.98,high,low,8,namecheap,,,25/09/2026 20:05
3acf45ae-4a00-49f7-8c1e-c6386c78db3d,military.giving,available,7.48,35.98,high,low,8,namecheap,,,25/09/2026 20:05
0fd00522-023d-43f6-859d-c85255bec6b8,military.delivery,available,2.98,79.98,high,low,8,namecheap,,,25/09/2026 20:05
c71efc96-a51b-405e-ac64-f4ae6e8e9467,military.phd,premium,427.7,427.7,high,low,8,namecheap,,,25/09/2026 20:05
aeabc8c5-3c36-4da7-a6bb-a4a924ef4eef,military.fishing,available,33.98,45.98,high,low,8,namecheap,,,25/09/2026 20:05
ba4fd54b-5425-4826-ae06-ac0c9fb64a70,military.courses,premium,260,260,high,low,8,namecheap,,,25/09/2026 20:05
dced5ebe-cada-4da6-b5e6-fb8cdeeaabe6,military.wine,available,8.48,75.98,high,low,8,namecheap,,,25/09/2026 20:05
54d696fd-9df9-45ac-b95a-cd957aec6187,military.srl,premium,54.28,30.68,high,low,8,namesilo,,,25/09/2026 20:05
879f8408-324f-4dcb-8183-d0344199699b,military.accountant,premium,650,84.5,high,low,8,namecheap,,,25/09/2026 20:05
03f62c4c-451e-4c28-b77b-4a98d1151a07,military.channel,premium,323.7,323.7,high,low,8,namecheap,,,25/09/2026 20:05
e25a9b92-9308-4037-ac84-631a212e81de,military.bayern,available,34.99,34.99,high,low,8,namesilo,,,25/09/2026 20:05
b883cdf2-841c-47aa-aa5e-8775fdb0b0fd,military.desi,available,19.98,22.98,high,low,8,namecheap,,,25/09/2026 20:05
6b17b5e1-16e0-45cf-a071-799d96cab5ed,military.events,premium,128.7,128.7,high,low,8,namecheap,,,25/09/2026 20:05
864b935b-e22c-490c-82ac-506df71777e3,military.salon,available,55.98,69.98,high,low,8,namecheap,,,25/09/2026 20:05
d0cbadfb-534e-4051-ad37-d03cd336c109,military.hot,premium,1300,1300,high,low,8,namecheap,,,25/09/2026 20:05
9a78880b-e8b3-4400-b4f5-566899a870ae,military.how,premium,53.3,53.3,high,low,8,namecheap,,,25/09/2026 20:05
edfaf9ee-00cc-4224-98bb-3596ff474a17,military.market,resell,,,high,low,8,"Chengdu West Dimension Digital Technology Co., Ltd.",29/03/2019 09:28,29/03/2027 09:28,26/09/2026 07:33
6307f99a-7158-4b2f-a9f1-9bd73ffd44c2,military.love,premium,1365,1950,high,low,8,namecheap,,,25/09/2026 20:05
ba055704-fa24-46e1-9ce1-6c5bc3cdd178,military.fail,premium,85.8,85.8,high,low,8,namecheap,,,25/09/2026 20:05
043bb3a6-a725-4d6f-a307-df64c06ecd18,military.agency,premium,130,260,high,low,8,namecheap,,,25/09/2026 20:05
fd47c918-de07-4473-9a78-d2bfa472cf71,military.education,resell,,,high,low,8,"GoDaddy.com, LLC",24/06/2015 21:07,24/06/2027 21:07,26/09/2026 07:33
f0327d29-2557-4fb6-be1b-9694e3920bc3,military.shoes,available,34.98,81.98,high,low,8,namecheap,,,25/09/2026 20:05
647fed80-20e2-4448-852f-3b67a1cfa96b,military.music,premium,388.7,48.1,high,low,8,namecheap,,,25/09/2026 20:05
63a084b0-5f5e-4c1f-93ac-af5e5c73f314,military.guitars,available,108.98,159.98,high,low,8,namecheap,,,25/09/2026 20:05
bf82eb19-2970-41b6-845f-82c6d9cbbb5b,military.rocks,available,7.98,29.98,high,low,8,namecheap,,,25/09/2026 20:05
3be3ba87-f751-421b-ad48-a9a4bc85b3a3,military.lifestyle,premium,910,1300,high,low,8,namecheap,,,25/09/2026 20:05
de52aca4-233e-46d6-abdb-c46fcb788a41,military.bio,resell,9.99,,high,low,8,Dynadot Inc,17/05/2026 06:16,17/05/2027 06:16,26/09/2026 07:33
22c76483-f6b6-4dc8-a886-6ea9f1a147e4,military.review,premium,13000,130,high,low,8,namecheap,,,25/09/2026 20:05
a6905263-1ece-4043-9629-dcf48cc39a79,military.food,premium,910,1300,high,low,8,namecheap,,,25/09/2026 20:05
e6aad5fc-c1ac-4498-b8c1-86de83f48fb7,military.paris,available,66.98,66.98,high,low,8,namecheap,,,25/09/2026 20:05
4d287852-c6e7-4b2e-ac54-f6f6c8c70500,military.fm,available,69.98,118.98,high,low,8,namecheap,,,25/09/2026 20:05
e2496ef8-aa96-4853-a02c-6760df3f3d95,military.gripe,available,6.98,8.98,high,low,8,namecheap,,,25/09/2026 20:05
e08f6502-9f4b-403a-b254-b95e12c948f5,military.voting,available,1398,1448,high,low,8,namecheap,,,25/09/2026 20:05
333ef7b1-59a0-47ed-822a-0e22d15dbf1a,military.dentist,premium,520,520,high,low,8,namecheap,,,25/09/2026 20:05
0ff70283-12a6-4a76-ae87-3cdc6603fbf0,military.irish,available,5.98,31.98,high,low,8,namecheap,,,25/09/2026 20:05
7fbfcc7a-96ea-40fb-9507-9ccb9e239d17,military.partners,premium,520,520,high,low,8,namecheap,,,25/09/2026 20:05
b8733e4e-9996-4591-b002-6f3a494ca56d,military.trading,available,21.98,27.98,high,low,8,namecheap,,,25/09/2026 20:05
732230f3-eb75-4953-9808-5aba81fd7724,military.legal,available,74.98,88.98,high,low,8,namecheap,,,25/09/2026 20:05
de16625e-325d-4050-9148-e16f4d0f55a9,military.university,available,65.98,77.98,high,low,8,namecheap,,,25/09/2026 20:05
9ce3f896-8f5c-4803-aec0-ac61277e1255,military.family,premium,520,520,high,low,8,namecheap,,,25/09/2026 20:05
60109696-840c-415b-9e3c-bbaca660534b,military.host,premium,325,650,high,low,8,namecheap,,,25/09/2026 20:05
904ee3ea-ab86-44a4-a677-6c816faffe17,military.jetzt,available,24.48,30.48,high,low,8,namecheap,,,25/09/2026 20:05
3e1f3335-11ba-4988-b5d7-c0a4a5f9fe00,military.photo,premium,130,130,high,low,8,namecheap,,,25/09/2026 20:05
7f188ccf-d2c7-4e77-baef-5141b1ef64ff,military.free,premium,1300,1300,high,low,8,namecheap,,,25/09/2026 20:05
043bad12-5345-4c46-9fa3-cbbd47d35e16,military.gold,available,7.98,130.98,high,low,8,namecheap,,,25/09/2026 20:05
412b8037-7d34-4b53-aafc-426d9eb8e959,military.limo,available,57.98,68.98,high,low,8,namecheap,,,25/09/2026 20:05
e7df0132-2cbf-4646-9ae3-99c59be655e7,military.new,available,488.98,601.98,high,low,8,namecheap,,,25/09/2026 20:05
770c4ed6-406e-4ed8-98ac-63ea8789ac88,military.haus,available,11.98,37.98,high,low,8,namecheap,,,25/09/2026 20:05
53e2228e-2fc1-43ab-aca6-b01600b5bbd3,military.ooo,premium,250000,,high,low,8,name.com,,,25/09/2026 20:05
b46d921c-9310-4a7f-b180-c763947762a7,military.blue,available,13.98,32.98,high,low,8,namecheap,,,25/09/2026 20:05
a12b1ea8-0d36-4d3a-afa8-843f7a790bec,military.watch,premium,520,520,high,low,8,namecheap,,,25/09/2026 20:05
39a6970c-7499-41ff-99a6-518043b4e7bb,military.sarl,available,6.98,8.98,high,low,8,namecheap,,,25/09/2026 20:05
4ead4394-4bbe-4dc0-a061-b8398ab96104,military.farm,available,4.98,49.98,high,low,8,namecheap,,,25/09/2026 20:05
416a263a-9d16-45c7-a8d5-a9775ca38dcd,military.games,resell,,,high,low,8,"GoDaddy.com, LLC",26/12/2023 18:36,26/12/2026 18:36,26/09/2026 07:33
c2690005-4591-4425-88f2-dad6842b6758,military.hiv,available,184.99,,high,low,8,name.com,,,25/09/2026 20:05
708736b7-6c05-49e6-b5ef-378e7135e86e,military.gmbh,available,47.98,56.98,high,low,8,namecheap,,,25/09/2026 20:05
94daa5af-9fe0-4cac-9e20-3fb4dfcaea34,military.download,premium,3250,130,high,low,8,namecheap,,,25/09/2026 20:05
4de1ba0a-a71e-4258-ba73-4f914ca659c1,military.ing,premium,845,845,high,low,8,namecheap,,,25/09/2026 20:05
99ecbe8c-5dee-4dac-bafe-1c7fb4baa10a,military.mba,available,11.98,49.98,high,low,8,namecheap,,,25/09/2026 20:05
3a4230d6-d51b-48b4-8f70-853da9ccb7a7,military.claims,premium,520,520,high,low,8,namecheap,,,25/09/2026 20:05
b20ccbd0-a8e4-4074-8f61-0eb865fd3024,military.fan,premium,128.7,128.7,high,low,8,namecheap,,,25/09/2026 20:05
4949ffe8-8748-4ac5-9a3a-8f210ebe9735,military.builders,premium,85.8,85.8,high,low,8,namecheap,,,25/09/2026 20:05
510a60be-7e23-46ab-bbbe-7f864e41c786,military.xxx,premium,322.4,322.4,high,low,8,namecheap,,,25/09/2026 20:05
5cf3786a-a8ba-497b-bac0-02165f235cda,military.immobilien,available,39.98,43.98,high,low,8,namecheap,,,25/09/2026 20:05
f321ac23-c506-4ea6-a8c7-d3648caf7cd2,military.green,available,11.98,102.98,high,low,8,namecheap,,,25/09/2026 20:05
93a16d4f-eade-47c7-b8b8-3074aa5c15f7,military.barcelona,available,38.98,38.98,high,low,8,namecheap,,,25/09/2026 20:05
ed229826-b611-44b3-b065-eede52058af8,military.pink,available,6.48,31.48,high,low,8,namecheap,,,25/09/2026 20:05
d4c20606-fc1f-4927-a835-7858fe7105dc,military.press,premium,1950,3900,high,low,8,namecheap,,,25/09/2026 20:05
41f035cf-8c3d-4e96-aab5-fdf9aef6f928,military.menu,available,34.98,38.98,high,low,8,namecheap,,,25/09/2026 20:05
fe7f30ac-b718-4369-abc6-1c1e2269c9bf,military.flowers,available,108.98,159.98,high,low,8,namecheap,,,25/09/2026 20:05
fcd84eb8-f50a-4fbd-a012-40421eb4d967,military.ninja,available,11.98,42.98,high,low,8,namecheap,,,25/09/2026 20:05
d1f2f052-eeec-43d8-abbc-738c4693a31a,military.gratis,available,24.98,31.98,high,low,8,namecheap,,,25/09/2026 20:05
8e8719ce-a1a1-42a5-9d34-abc75f89a865,military.stream,premium,13000,130,high,low,8,namecheap,,,25/09/2026 20:05
102c767f-3c5e-4e75-be6b-cda39f58ebf3,military.theater,available,67.98,80.98,high,low,8,namecheap,,,25/09/2026 20:05
ab6fe914-e91e-487e-8374-ae29b47a0a8c,military.tattoo,premium,130,130,high,low,8,namecheap,,,25/09/2026 20:05
d8511d14-f572-402d-9fbd-4f9c43975146,military.adult,premium,322.4,322.4,high,low,8,namecheap,,,25/09/2026 20:05
99718296-f7e1-46f9-bb88-7d4c857c5243,military.luxury,available,49.99,,high,low,8,name.com,,,25/09/2026 20:05
cb9a0e0b-e812-4f10-a577-43a011b65863,military.baby,available,1.8,81.98,high,low,8,namecheap,,,25/09/2026 20:05
1147117b-205b-43a1-b809-5b2266c491bc,military.tours,available,5.98,81.98,high,low,8,namecheap,,,25/09/2026 20:05
8c3d7872-8524-47c0-b99e-2a435ec17d36,military.buzz,premium,520,130,high,low,8,namecheap,,,25/09/2026 20:05
78597f38-5549-45da-b497-13a0f53ceb4c,military.ceo,available,9.99,146.98,high,low,8,namecheap,,,25/09/2026 20:05
da926be4-4c8d-4a32-978b-1b66437ed5d1,military.uno,premium,3250,3250,high,low,8,namecheap,,,25/09/2026 20:05
763640e1-a3ec-40b9-8e56-6238b58d7768,military.marketing,premium,128.7,128.7,high,low,8,namecheap,,,25/09/2026 20:05
696a7a5f-dad9-4f3e-b212-bfb741b203e0,military.restaurant,available,11.98,81.98,high,low,8,namecheap,,,25/09/2026 20:05
a2301043-6e94-4ff5-9f86-da04ede227e5,military.film,available,77.98,97.98,high,low,8,namecheap,,,25/09/2026 20:05
95383be7-b8ec-4729-8bf5-d66dc2de3cac,military.football,available,26.98,36.98,high,low,8,namecheap,,,25/09/2026 20:05
0c0c94fc-fce6-489e-b09f-e370a991c81c,military.esq,premium,427.7,427.7,high,low,8,namecheap,,,25/09/2026 20:05
64577a51-b62d-4a6d-9f5d-f6c2196d065e,military.creditcard,premium,260,260,high,low,8,namecheap,,,25/09/2026 20:05
76cb3fbc-355d-48c0-b416-eb94ec4ad0f5,military.ong,available,18.98,24.98,high,low,8,namecheap,,,25/09/2026 20:05
eae9cbba-89e5-45e1-a9f8-87e564496ab2,military.rest,premium,81.9,117,high,low,8,namecheap,,,25/09/2026 20:05
d15396ed-4e75-465c-a4e3-3314f68e5026,military.blog,premium,650,2600,high,low,8,namecheap,,,25/09/2026 20:05
67f26095-49ed-42f8-a297-55c792504c58,military.voto,premium,128.7,128.7,high,low,8,namecheap,,,25/09/2026 20:05
a15cec61-869b-4d92-b9ef-4e4abdeb4f29,military.financial,premium,260,260,high,low,8,namecheap,,,25/09/2026 20:05
81536a71-8807-4a73-a845-84e5c35a8312,military.diamonds,available,57.98,72.98,high,low,8,namecheap,,,25/09/2026 20:05
a1b0cf4a-690a-4472-95e3-adec9c4c51e2,military.game,available,310.98,547.98,high,low,8,namecheap,,,25/09/2026 20:05
7433f77c-c23e-4ace-acc8-3cc0667c9e76,military.mom,premium,845,845,high,low,8,namecheap,,,25/09/2026 20:05
1848db14-a822-4932-8a9d-459d492b52dc,military.prof,premium,427.7,427.7,high,low,8,namecheap,,,25/09/2026 20:05
3df7a0d0-db73-45c7-b95c-bbc08a42b690,military.observer,premium,1040,1040,high,low,8,namecheap,,,25/09/2026 20:05
c6c251cb-b21c-4317-ae95-024b4aed777f,military.cleaning,available,79.98,94.98,high,low,8,namecheap,,,25/09/2026 20:05
73767aeb-5f41-4da7-b1b6-004aff717acf,military.ngo,available,18.98,24.98,high,low,8,namecheap,,,25/09/2026 20:05
8b50e5e0-86df-46ae-8331-10ff9ba13ed5,military.guru,resell,,,high,low,8,"GoDaddy.com, LLC",30/11/2025 21:21,30/11/2026 21:21,26/09/2026 07:33
f6ec4c11-5ea3-494d-a869-87b780699e50,military.hosting,available,310.98,437.98,high,low,8,namecheap,,,25/09/2026 20:05
bd773bb4-2004-4005-82d4-0a8cacd51262,military.florist,available,31.98,41.98,high,low,8,namecheap,,,25/09/2026 20:05
4cacc9a6-30ba-40b8-abf5-7ed0f61139d6,military.you,premium,650,650,high,low,8,namecheap,,,25/09/2026 20:05
0f0751ed-39f1-4953-a11e-303bc79a3a8a,military.democrat,available,5.98,41.48,high,low,8,namecheap,,,25/09/2026 20:05
027d2354-837e-402e-ac5c-35a2f690b3a7,military.plumbing,available,76.98,89.98,high,low,8,namecheap,,,25/09/2026 20:05
fba19d02-7e0f-4c35-8f39-03424ca7707d,military.computer,premium,520,520,high,low,8,namecheap,,,25/09/2026 20:05
8f833e9d-5386-45f3-9b53-28f341515f5c,military.live,premium,650,1300,high,low,8,namecheap,,,25/09/2026 20:05
2c4f836b-2611-4fb6-8027-72283c3f6f71,military.global,premium,5200,65,high,low,8,namecheap,,,25/09/2026 20:05
e100f350-d61e-4684-9b7f-e5266469b8b4,military.movie,available,40.98,446.98,high,low,8,namecheap,,,25/09/2026 20:05
5c587c70-d9e7-4581-b56b-e60dd959431a,military.wtf,premium,85.8,85.8,high,low,8,namecheap,,,25/09/2026 20:05
58b15e82-e064-4abe-bb1d-56f7a3e3885c,military.law,resell,,,high,low,8,"GoDaddy.com, LLC",14/08/2020 09:01,14/08/2027 09:01,26/09/2026 07:33
6f8b7d94-9304-4722-b264-7027c59b0f03,military.bond,premium,74.75,149.5,high,low,8,namecheap,,,25/09/2026 20:05
6a6c065c-d135-4029-b729-d8d907347bcd,military.show,available,15.98,47.98,high,low,8,namecheap,,,25/09/2026 20:05
602c0d71-ad05-49fa-a84f-d2b1a895fffb,military.consulting,premium,130,260,high,low,8,namecheap,,,25/09/2026 20:05
fdf681c4-0409-404a-aa49-d30b37b5bfea,military.kaufen,available,29.98,33.58,high,low,8,namecheap,,,25/09/2026 20:05
2575328e-ed05-44e6-93cf-5ddb3826e13b,military.equipment,resell,,,high,low,8,Dynadot Inc,23/07/2020 05:52,23/07/2027 05:52,26/09/2026 07:33
678d0c0f-1180-4af3-8116-e4e77a45cdda,military.dad,premium,323.7,323.7,high,low,8,namecheap,,,25/09/2026 20:05
6f8b9b0c-2460-4e27-b560-f2087e0fe00d,military.dental,premium,128.7,128.7,high,low,8,namecheap,,,25/09/2026 20:05
fd360ede-5827-491f-acf1-e35194da8624,military.pet,available,6.98,35.98,high,low,8,namecheap,,,25/09/2026 20:05
69c88d6e-8bab-4e85-8b9d-becc4e48e084,military.money,premium,128.7,128.7,high,low,8,namecheap,,,25/09/2026 20:05
e1246a71-cc5b-450f-a73c-19f588804ec3,military.cricket,premium,3250,130,high,low,8,namecheap,,,25/09/2026 20:05
3b5fae0c-f188-4876-97d2-c5b83e92f524,military.surgery,available,57.98,68.98,high,low,8,namecheap,,,25/09/2026 20:05
c5ccff74-8b1d-46fb-a0b5-ca3c79c4ea8a,military.soccer,available,27.48,29.48,high,low,8,namecheap,,,25/09/2026 20:05
da174f1a-4f1e-46f9-8e77-236a0a7c3a0a,military.clothing,premium,520,520,high,low,8,namecheap,,,25/09/2026 20:05
63aedb70-4c97-4b88-ac60-638663ec148d,military.eco,available,58.48,101.98,high,low,8,namecheap,,,25/09/2026 20:05
96200afd-f0e1-4b45-a943-08fd92a8cfa0,military.horse,available,33.98,43.98,high,low,8,namecheap,,,25/09/2026 20:05
96ddde86-5348-4424-b382-e8e7878a646c,military.talk,premium,650,650,high,low,8,namecheap,,,25/09/2026 20:05
d0a89c2e-88c6-4982-aee5-b24b2c20df0e,military.holdings,premium,260,260,high,low,8,namecheap,,,25/09/2026 20:05
af33fb44-f0bd-4977-944c-38e597b9ef78,military.dance,available,10.48,36.98,high,low,8,namecheap,,,25/09/2026 20:05
85039074-0790-42e0-af1c-bb1d2c5744be,military.ventures,available,5.98,75.98,high,low,8,namecheap,,,25/09/2026 20:05
66e2aef2-89ce-4d9d-a621-a7b4c67d9357,military.racing,premium,1300,585,high,low,8,namecheap,,,25/09/2026 20:05
bd914227-d067-4ac0-992c-49b324ba51cc,military.mobile,premium,780,780,high,low,8,namecheap,,,25/09/2026 20:05
8022182f-512d-4f5a-9a75-b0f3f38a5b5f,military.fish,available,46.98,59.98,high,low,8,namecheap,,,25/09/2026 20:05
5975c62f-d757-4bc4-a627-5336e119f39c,military.blackfriday,available,128.98,134.98,high,low,8,namecheap,,,25/09/2026 20:05
9a69296a-14c7-4e34-923e-849539f009df,military.locker,premium,1300,39,high,low,8,namecheap,,,25/09/2026 20:05
96b54f4e-1532-4fa7-94f9-7c0adc9d6e6c,military.fund,premium,520,520,high,low,8,namecheap,,,25/09/2026 20:05
8ca94e20-a136-46c4-935e-9e37d9b863b7,military.cab,available,33.98,41.98,high,low,8,namecheap,,,25/09/2026 20:05
5496c950-1146-49a1-aac3-990758f99c73,military.codes,premium,85.8,85.8,high,low,8,namecheap,,,25/09/2026 20:05
795f88cd-509c-4a1a-af35-c176f9a029d4,military.dog,available,5.98,86.98,high,low,8,namecheap,,,25/09/2026 20:05
e99d43ea-4704-44a2-bd0c-68978256bc87,military.memorial,available,54.98,64.98,high,low,8,namecheap,,,25/09/2026 20:05
bd7e6def-2c63-4e18-bdfd-b254822a4375,military.beer,available,1.98,43.98,high,low,8,namecheap,,,25/09/2026 20:05
ec64fd03-fa5e-4e53-8f73-c202640c8978,military.one,premium,650,650,high,low,8,namecheap,,,25/09/2026 20:05
8575de9f-7326-45f9-8dee-7ad44fd34a2c,military.soy,premium,107.9,107.9,high,low,8,namecheap,,,25/09/2026 20:05
36c91c32-f992-444d-b03e-d96e2a11d86f,military.zone,premium,85.8,85.8,high,low,8,namecheap,,,25/09/2026 20:05
d8ebda27-99e8-4d83-9d2c-57518959b516,military.asia,available,1.98,18.98,high,low,8,namecheap,,,25/09/2026 20:05
12067214-2f1c-41bd-8f1d-e0180adbb08f,military.support,premium,42.9,42.9,high,low,8,namecheap,,,25/09/2026 20:05
d111cb8c-f9dc-46f9-9f15-c26e92d96d93,military.vin,available,6.98,75.98,high,low,8,namecheap,,,25/09/2026 20:05
4421c8de-e9aa-4b88-b622-563a2210d549,military.app,premium,1038.7,1038.7,high,low,8,namecheap,,,25/09/2026 20:05
77ddd8d5-fec1-424f-af45-022f8af40648,military.foo,premium,167.7,167.7,high,low,8,namecheap,,,25/09/2026 20:05
24d04380-c1de-45c4-82be-bcfa8969e7cd,military.tennis,available,67.98,81.98,high,low,8,namecheap,,,25/09/2026 20:05
79a6cfbe-56c6-4a80-92cf-d5ec65e0834a,military.apartments,available,60.98,72.98,high,low,8,namecheap,,,25/09/2026 20:05
20faa97f-9aef-476d-a863-cd85b5d25cbe,military.protection,available,2070,2950,high,low,8,namecheap,,,25/09/2026 20:05
7c858d07-54ad-41fe-af06-f2eb0455eaea,military.media,resell,,,high,low,8,"DNSPod, Inc.",15/07/2025 06:40,15/07/2027 06:40,26/09/2026 07:33
f8e7ea2b-66c1-4db8-ba3b-c606ce053cca,military.camp,resell,,,high,low,8,Dynadot Inc,22/01/2026 17:00,22/01/2027 17:00,26/09/2026 07:33
8e270ab1-c668-43c1-9304-9f476882fc5e,military.meme,premium,195,195,high,low,8,namecheap,,,25/09/2026 20:05
b82f86bf-1dde-4568-a68e-b6e9361d57a8,military.immo,available,36.98,43.98,high,low,8,namecheap,,,25/09/2026 20:05
82697115-dd75-44c6-9e1e-c2f05c24b8ad,military.mx,resell,,,high,low,8,GoDaddy.com,23/01/2010 00:00,22/01/2027 00:00,26/09/2026 07:33
7e7c34c0-31d9-4b14-a27e-a160fb522d74,military.country,available,2298,2450,high,low,8,namecheap,,,25/09/2026 20:05
c1311161-e253-480c-9272-51ef623971f0,military.kim,available,5.98,32.98,high,low,8,namecheap,,,25/09/2026 20:05
32c9abda-1326-4e47-935a-ab43cf384038,military.ryukyu,available,17.98,22.98,high,low,8,namecheap,,,25/09/2026 20:05
3814946d-3f30-402c-9750-3f9f61184f27,military.gay,premium,325,325,high,low,8,namecheap,,,25/09/2026 20:05
ade3a026-134d-46a8-bfe7-b5bfd9ab6bfb,military.study,premium,260,260,high,low,8,namecheap,,,25/09/2026 20:05
4b699e43-ff8b-4f9b-a81a-5b96a523655a,military.viajes,available,43.98,57.98,high,low,8,namecheap,,,25/09/2026 20:05
6f9c204d-1c83-4974-b57a-4167c53adb6b,military.shiksha,premium,1300,1300,high,low,8,namecheap,,,25/09/2026 20:05
3fd4d9d0-5f59-4f91-a589-c2aea6cc3c7e,military.living,premium,910,1300,high,low,8,namecheap,,,25/09/2026 20:05
34a73eb7-aada-4eb6-82e7-07f2237655cc,military.reise,available,102.98,127.98,high,low,8,namecheap,,,25/09/2026 20:05
ddb90846-85c1-4cb4-9e07-c9cf651c3f02,military.domains,premium,1040,1040,high,low,8,namecheap,,,25/09/2026 20:05
abdd1552-ec87-43ca-b119-e370ea58e8ca,military.deal,premium,130,130,high,low,8,namecheap,,,25/09/2026 20:05
8a1f3e8d-1d1c-41b9-aada-1561f68b92ef,military.sucks,premium,2728.7,2728.7,high,low,8,namecheap,,,25/09/2026 20:05
7dff6970-b63d-4c57-a7e2-9f0c7550c5ad,military.shopping,available,29.98,37.98,high,low,8,namecheap,,,25/09/2026 20:05
798ed218-5996-456e-9686-965c3a2392d4,military.in,resell,,,high,low,8,NAMECHEAP,16/02/2005 06:58,16/02/2027 06:58,26/09/2026 07:33
fe7bb064-31b7-4c86-b1af-d3cec7ba0258,military.tickets,available,393.98,608.98,high,low,8,namecheap,,,25/09/2026 20:05
1b6cd144-2996-4049-b60d-991ca5eb4182,military.diy,premium,910,1300,high,low,8,namecheap,,,25/09/2026 20:05
bde25cf2-9eb9-4976-81ed-a09185b4ef39,military.holiday,available,67.98,81.98,high,low,8,namecheap,,,25/09/2026 20:05
30e1accc-34af-4161-b4cf-9500af0e5161,military.rip,available,24.98,32.98,high,low,8,namecheap,,,25/09/2026 20:05
9368b0f2-79ec-4123-a28f-c5279865ad1c,military.zip,premium,167.7,167.7,high,low,8,namecheap,,,25/09/2026 20:05
6d18edda-bfea-4861-bfde-82899a5f8e8a,military.realty,available,99.8,456.98,high,low,8,namecheap,,,25/09/2026 20:05
96602756-d60e-4095-9e73-dc1ac4c4f7dc,military.toys,premium,128.7,128.7,high,low,8,namecheap,,,25/09/2026 20:05
cbe57ee0-afad-41a4-aaf1-219bc89000f9,military.casino,available,6.98,191.98,high,low,8,namecheap,,,25/09/2026 20:05
98edc368-ef37-47b3-a1cd-ff3df267b347,military.surf,available,1.98,43.98,high,low,8,namecheap,,,25/09/2026 20:05
fb792570-85b7-4178-9c7e-85f6e8c19d44,military.cyou,premium,74.75,149.5,high,low,8,namecheap,,,25/09/2026 20:05
29992f28-35f5-4501-851e-53197bf6d553,military.sbs,premium,74.75,149.5,high,low,8,namecheap,,,25/09/2026 20:05
7eff1190-b21a-4c4d-82ec-f128d7d054e9,military.melbourne,premium,182.78,182.78,high,low,8,namecheap,,,25/09/2026 20:05
f9a952bc-4f3e-4771-bf41-2707e064ba2f,military.win,premium,455,65,high,low,8,namecheap,,,25/09/2026 20:05
94ae0e99-18f9-4788-a971-3dd120b7e100,military.degree,premium,78,78,high,low,8,namecheap,,,25/09/2026 20:05
a1cdf5e3-4f75-409e-96cb-36ff7c6aa4a9,military.cooking,available,33.98,43.98,high,low,8,namecheap,,,25/09/2026 20:05
c6498d59-252e-474a-86eb-10661c95be2c,military.villas,available,62.98,74.98,high,low,8,namecheap,,,25/09/2026 20:05
d46e036e-b5be-45e3-8b53-ed6e928f3729,military.mov,premium,167.7,167.7,high,low,8,namecheap,,,25/09/2026 20:05
0dfa5bf9-f031-4674-8c72-6d2bbd3e5980,military.audio,available,108.98,159.98,high,low,8,namecheap,,,25/09/2026 20:05
f44e1fc4-437e-4c6d-a08c-cab63a192dd4,military.click,premium,91,130,high,low,8,namecheap,,,25/09/2026 20:05
ec087cdc-b853-413d-a269-8846b53ba9f3,military.academy,premium,128.7,128.7,high,low,8,namecheap,,,25/09/2026 20:05
7fe4feb3-5b10-46d0-a359-bbdb11f7650a,military.cool,available,5.98,50.98,high,low,8,namecheap,,,25/09/2026 20:05
9144aa09-4427-4926-95de-9e7d500ac901,military.expert,premium,520,520,high,low,8,namecheap,,,25/09/2026 20:05
c3c1c137-25d6-40cf-af46-1f374af762d2,military.sh,available,34.98,76.98,high,low,8,namecheap,,,25/09/2026 20:05
35e23a7c-46a1-4be7-9d44-467819297a1a,military.tires,available,87.98,110.98,high,low,8,namecheap,,,25/09/2026 20:05
8f9b8b9a-90e0-4cc1-b28a-f2a1444e1026,military.digital,resell,,,high,low,8,"Sav.com, LLC - 45",23/05/2026 15:15,23/05/2027 15:15,26/09/2026 07:33
91c73789-ab72-43b8-81e1-c9888e9d18e9,military.capital,premium,520,520,high,low,8,namecheap,,,25/09/2026 20:05
ce795585-d5c8-40b7-ae5e-a025358ca14a,military.tools,premium,128.7,128.7,high,low,8,namecheap,,,25/09/2026 20:05
614e2537-1a2f-4649-8271-76710625d9a9,military.tel,available,10.98,15.98,high,low,8,namecheap,,,25/09/2026 20:05
5708a98c-4d34-4d05-9b4f-03a620e8836c,military.dating,premium,85.8,85.8,high,low,8,namecheap,,,25/09/2026 20:05
d5d3fd13-955e-488e-8501-eb930d90ee75,military.shop,premium,1300,1300,high,low,8,namecheap,,,25/09/2026 20:05
9d23be7a-46ae-4614-a74f-df65e85641a9,military.name,available,8.98,9.98,high,low,8,namecheap,,,25/09/2026 20:05
6f073d48-3be2-4db3-b8f3-305958cc22ab,military.associates,premium,85.8,85.8,high,low,8,namecheap,,,25/09/2026 20:05
9937bdde-e79e-40df-acb4-0b81bae9db8b,military.schule,available,29.98,32.98,high,low,8,namecheap,,,25/09/2026 20:05
7aee3748-8057-475d-98a9-a07f2681fcce,military.link,premium,975,975,high,low,8,namecheap,,,25/09/2026 20:05
6d6d521a-ac37-4665-92c3-9f55af4af4b7,military.management,premium,520,520,high,low,8,namecheap,,,25/09/2026 20:05
b034c359-fa22-42db-a897-19dc940de7ea,military.condos,available,61.98,72.98,high,low,8,namecheap,,,25/09/2026 20:05
56300431-b1b3-4450-8dcb-5cd795f1afa3,military.republican,available,5.98,43.98,high,low,8,namecheap,,,25/09/2026 20:05
acf622ab-db80-494e-82eb-c4ca739c3cef,military.lol,premium,845,845,high,low,8,namecheap,,,25/09/2026 20:05
e1c68c4c-a33e-4fde-9331-c8f9929b90de,military.juegos,available,368.98,478.98,high,low,8,namecheap,,,25/09/2026 20:05
c87f7583-8300-4cf3-9ebe-88d7531d221c,military.moe,available,14.98,17.88,high,low,8,namecheap,,,25/09/2026 20:05
6ab3178c-8aeb-44bb-ab46-96a3cc6fbf56,military.catering,available,40.98,48.98,high,low,8,namecheap,,,25/09/2026 20:05
a9007cdd-caad-4dee-bfa9-e58ab8a62c42,military.cfd,premium,74.75,149.5,high,low,8,namecheap,,,25/09/2026 20:05
468b4b7e-4852-493e-a5d4-cd87d67e52a6,military.organic,available,19.99,,high,low,8,name.com,,,25/09/2026 20:05
24f4b11d-884b-46b9-90c3-aeeeddfdd6d5,military.forex,available,11.98,133.98,high,low,8,namecheap,,,25/09/2026 20:05
be5f1d78-d3f0-4168-a0ae-fd1fd97f8a0a,military.miami,available,24.98,30.98,high,low,8,namecheap,,,25/09/2026 20:05
8f80242e-6d97-401d-9022-f49556daa068,military.vacations,available,40.98,49.98,high,low,8,namecheap,,,25/09/2026 20:05
fd135953-479e-4bc7-a296-e365bc514728,military.hockey,available,62.98,72.98,high,low,8,namecheap,,,25/09/2026 20:05
0a8d67ff-ddc0-4257-b509-b36516580b6a,military.ac,available,28.98,76.98,high,low,8,namecheap,,,25/09/2026 20:05
fc0ab653-7a0d-4292-8667-1a910ba46460,military.bingo,available,51.98,68.98,high,low,8,namecheap,,,25/09/2026 20:05
27613960-d561-452c-9d62-bd43d17035be,military.tienda,available,62.98,74.98,high,low,8,namecheap,,,25/09/2026 20:05
c0e808dd-ae27-41b0-b082-c432820a7384,military.inc,premium,2015,2600,high,low,8,namecheap,,,25/09/2026 20:05
b536e80d-7800-400a-b438-dcd085bc0634,military.gives,available,7.48,37.98,high,low,8,namecheap,,,25/09/2026 20:05
f0934a2d-86cd-4212-82db-120ba816cee3,military.vana,available,2298,2498,high,low,8,namecheap,,,25/09/2026 20:05
71e53af3-b82d-4b98-812c-cbbde050c0d7,military.run,resell,,,high,low,8,"Spaceship, Inc.",17/07/2026 13:11,17/07/2027 13:11,26/09/2026 07:33
6966b9be-0af7-4fd4-8f26-5c8407120f6d,military.kiwi,premium,81.9,81.9,high,low,8,namecheap,,,25/09/2026 20:05
71e93515-6c90-408d-8903-e62be9901a2e,military.space,premium,1625,6500,high,low,8,namecheap,,,25/09/2026 20:05
8e732682-672e-4e81-a9a7-41a4f09a0658,military.college,premium,13000,13000,high,low,8,namecheap,,,25/09/2026 20:05
204ecdd0-a90e-4b77-bc52-21418acc2645,military.futbol,available,5.98,21.98,high,low,8,namecheap,,,25/09/2026 20:05
624583ac-d91a-479f-b306-ed896e54a0c3,military.tax,premium,128.7,128.7,high,low,8,namecheap,,,25/09/2026 20:05
9edcb9fa-4b34-45e0-8508-ab59cfe9e956,military.spot,premium,130,130,high,low,8,namecheap,,,25/09/2026 20:05
ab9d98bc-9112-4581-953b-63577686ca60,military.nyc,premium,650,32.5,high,low,8,namecheap,,,25/09/2026 20:05
1ece76e1-714b-4391-a5db-7fc4bff2874b,military.bar,premium,163.8,234,high,low,8,namecheap,,,25/09/2026 20:05
7aabf92c-3fdd-4fbd-9fc9-889bdfa5839d,military.community,premium,85.8,85.8,high,low,8,namecheap,,,25/09/2026 20:05
9c6ffb90-7854-4a09-b1a4-8eba0088652b,military.berlin,available,79.98,89.98,high,low,8,namecheap,,,25/09/2026 20:05
818bffce-71b9-4407-9cd8-fcd6082f6def,military.accountants,available,122.98,145.98,high,low,8,namecheap,,,25/09/2026 20:05
d4327024-3cfb-4a9e-a6b5-20a01c58236f,military.bargains,available,14.98,37.98,high,low,8,namecheap,,,25/09/2026 20:05
c676a1a1-46b4-4f28-aa5f-971ad30c7fab,military.bot,premium,1300,1300,high,low,8,namecheap,,,25/09/2026 20:05
528f0b4e-ca33-48b6-9628-f6ef4dc3aa18,military.qpon,premium,3450,23.54,high,low,8,namesilo,,,25/09/2026 20:05
5ed60886-693c-468d-b988-f5c6bb6e6a59,military.london,available,12.98,41.98,high,low,8,namecheap,,,25/09/2026 20:05
94d29b7b-ca27-48a0-8566-d90c04440e7f,military.pizza,available,5.98,83.98,high,low,8,namecheap,,,25/09/2026 20:05
c76da00e-3b34-4a6a-a2ee-3f4658a85bd4,military.church,available,8.48,78.98,high,low,8,namecheap,,,25/09/2026 20:05
0341a89d-1a0b-43e1-b6fa-199e117ddf6a,military.coupons,resell,78.54,78.54,high,low,8,Dynadot Inc,15/05/2026 04:56,15/05/2027 04:56,26/09/2026 07:33
a285aa56-6258-4671-a67f-43c916176029,military.life,premium,64.35,128.7,high,low,8,namecheap,,,25/09/2026 20:05
fe8fb69d-6058-4da6-a884-909545df93c1,military.investments,premium,128.7,128.7,high,low,8,namecheap,,,25/09/2026 20:05
6eca84b0-105c-4539-ada2-3560ccc568d3,military.sale,premium,78,78,high,low,8,namecheap,,,25/09/2026 20:05
19c325f1-ff90-4614-9bf2-0adf2c1037f7,military.my,premium,982.81,1404.03,high,low,8,namecheap,,,25/09/2026 20:05
b73777d1-982c-4a30-9168-7ed7a22762dd,military.moi,available,25.99,25.99,high,low,8,namesilo,,,25/09/2026 20:05
d68406e6-a2ab-4d1a-b478-4babe3faa80c,military.webcam,premium,650,84.5,high,low,8,namecheap,,,25/09/2026 20:05
e05997cd-fc21-4b5d-ac8d-3cd31b35bdee,military.poker,available,5.98,85.98,high,low,8,namecheap,,,25/09/2026 20:05
ca211471-aa6a-4cf7-b1bd-f1f44c0dbc93,military.lease,available,58.98,73.98,high,low,8,namecheap,,,25/09/2026 20:05
f79a1429-0ced-4e8e-b96d-cd6d5bdcb24b,military.ltda,premium,66.3,66.3,high,low,8,namecheap,,,25/09/2026 20:05
76f39ddd-13b7-4008-b246-69e8625ccc58,military.christmas,available,1.8,49.98,high,low,8,namecheap,,,25/09/2026 20:05
a06c4a49-81ac-4c41-a566-76fca483eb2e,military.band,premium,128.7,128.7,high,low,8,namecheap,,,25/09/2026 20:05
c38aa537-c1d8-4d36-96fa-94aecb44d2b7,military.actor,premium,128.7,128.7,high,low,8,namecheap,,,25/09/2026 20:05
b1d9690d-e53e-4965-b7cd-22abad5d948e,military.glass,available,76.98,99.98,high,low,8,namecheap,,,25/09/2026 20:05
41c550a9-f545-4a5f-bc16-f919932b0487,military.forsale,premium,78,78,high,low,8,namecheap,,,25/09/2026 20:05
88029c39-1326-4801-b7bf-67f09390d34d,military.sex,premium,322.4,322.4,high,low,8,namecheap,,,25/09/2026 20:05
01f33e4b-5e54-45f9-91f9-1ac3de896d2a,military.page,premium,323.7,323.7,high,low,8,namecheap,,,25/09/2026 20:05
0a77d632-4389-43dd-bd49-230cac71173d,military.fast,premium,650,650,high,low,8,namecheap,,,25/09/2026 20:05
cf8e7979-56d4-4493-b0f8-87115423423e,military.sydney,premium,182.78,182.78,high,low,8,namecheap,,,25/09/2026 20:05
91ce071e-c3e3-445a-ac37-6c1ce306ea20,military.fun,premium,812.5,3250,high,low,8,namecheap,,,25/09/2026 20:05
23ee81e3-bdd4-40ea-accd-f69a64da1c64,military.repair,available,5.98,47.48,high,low,8,namecheap,,,25/09/2026 20:05
66361f22-a7ec-4ac2-b864-7c22c1226213,military.loans,resell,,,high,low,8,"GoDaddy.com, LLC",28/08/2015 16:12,28/08/2027 16:12,26/09/2026 07:33
a1aabf28-6a98-4b19-abee-51097fb61b3e,military.engineer,available,40.98,52.98,high,low,8,namecheap,,,25/09/2026 20:05
8becf793-c19e-4a5f-ac87-de9d199cbc53,military.bz,available,21.98,26.98,high,low,8,namecheap,,,25/09/2026 20:05
8d780b8a-6dbe-455d-b881-c727c8028345,military.contact,available,13.98,16.78,high,low,8,namecheap,,,25/09/2026 20:05
181c7854-fa3c-4cc0-a796-ba276a3bf9dd,military.casa,available,1.98,17.98,high,low,8,namecheap,,,25/09/2026 20:05
65d4b28b-b8f1-4717-b852-f6ae91bdb188,army.esq,premium,843.7,843.7,high,low,4,namecheap,,,20/09/2026 07:50
97bd6fd7-6c63-45df-8e7d-d84fa7d0441a,army.space,premium,6900,6900,high,low,4,namesilo,,,20/09/2026 07:50
9004b760-8e85-4833-b37f-7c2ba69f022d,military.ag,available,89,,high,low,8,name.com,,,25/09/2026 20:05
9855cca6-1fa1-43d5-881f-6a7e6eea62cc,army.camp,premium,512,512,high,low,4,namesilo,,,20/09/2026 07:50
a5b53d93-1c54-46b0-a42b-f1dd763e0ef1,army.creditcard,available,144.99,144.99,high,low,4,namesilo,,,20/09/2026 07:50
b752ceb1-847c-4806-b1df-305d216703f4,army.shopping,available,26.99,26.99,high,low,4,namesilo,,,20/09/2026 07:50
411e7202-05f2-4e78-be19-a2f7088258e4,army.io,resell,,,high,low,4,Dynadot Inc,12/08/2013 14:46,12/08/2027 14:46,26/09/2026 04:01
a9063c63-2cab-4388-9462-7dc600623938,army.bargains,premium,78.54,78.54,high,low,4,namesilo,,,20/09/2026 07:50
69bc6f59-934f-4608-9f40-1c469ae77104,military.maison,available,60.98,69.98,high,low,8,namecheap,,,25/09/2026 20:05
13006939-566e-4e42-8f69-b39767ae3b66,army.irish,available,7.49,22.49,high,low,4,namesilo,,,20/09/2026 07:50
ef19b7f9-36be-4bfc-9f9c-431eef67d1bb,army.fail,premium,78.54,78.54,high,low,4,namesilo,,,20/09/2026 07:50
ec3cca8c-f017-449c-97f6-b16436634e6b,army.family,premium,1107,1107,high,low,4,namesilo,,,20/09/2026 07:50
3ade0029-bd46-4d59-aa9b-7be081b6e3e7,army.luxury,available,,,high,low,4,,,,20/09/2026 07:50
a6b15359-e0e6-43bf-bba9-6fc8949d8b8e,army.builders,available,35.99,35.99,high,low,4,namesilo,,,20/09/2026 07:50
2de1fedb-bbe0-4d01-ba27-98a2c588e919,army.show,available,18.99,44.49,high,low,4,namesilo,,,20/09/2026 07:50
12340717-9d98-456d-93cb-4b9b0591395f,army.yachts,premium,2600,2600,high,low,4,namecheap,,,20/09/2026 07:50
d652f6a6-9a2f-424b-a415-5e2dd62db15d,army.country,available,2298,2450,high,low,4,namecheap,,,20/09/2026 07:50
7f9321ee-3917-4bba-8088-400e1f70d9e1,army.loans,available,20.99,116.99,high,low,4,namesilo,,,20/09/2026 07:50
a4debb45-6482-4e6a-84b7-d56fae189a9d,army.dog,resell,,,high,low,4,"GoDaddy.com, LLC",25/04/2017 19:49,25/04/2027 19:49,26/09/2026 04:01
cea8cff7-c18d-4982-85b7-cc0e34c519f3,army.bz,available,21.98,26.98,high,low,4,namecheap,,,20/09/2026 07:50
660e726d-3372-4385-ac7b-b9c2a2aac784,army.accountant,premium,3450,416,high,low,4,namesilo,,,20/09/2026 07:50
49d37556-02b8-427c-a1b2-9d6a1d67f147,army.desi,available,19.98,22.98,high,low,4,namecheap,,,20/09/2026 07:50
d6acde3c-5bfd-469a-947c-d27c359c22d0,army.rent,available,1.5,81.98,high,low,4,namecheap,,,20/09/2026 07:50
c2a187c3-c82d-4d80-8086-84e3f0db03fa,army.accountants,available,122.98,145.98,high,low,4,namecheap,,,20/09/2026 07:50
78be9953-96b7-43b8-bc29-96e4a911c76b,army.ong,available,18.98,24.98,high,low,4,namecheap,,,20/09/2026 07:50
582061f3-79c6-4238-8a7e-7f9c366684f8,army.beauty,premium,2600,2600,high,low,4,namecheap,,,20/09/2026 07:50
4140d238-6cbd-4d83-9eff-e4eaa48b68da,army.live,premium,512,512,high,low,4,namesilo,,,20/09/2026 07:50
134686b5-6390-4e64-977f-62fd644c395c,army.vacations,premium,242,242,high,low,4,namesilo,,,20/09/2026 07:50
3ba10c14-6ef7-4cf4-ad4f-25cddf0105ea,army.actor,available,16.99,44.49,high,low,4,namesilo,,,20/09/2026 07:50
48d71c07-b51c-4c41-990f-326f72153c41,army.capital,premium,118.8,118.8,high,low,4,namesilo,,,20/09/2026 07:50
1a5a4853-33b5-4b32-a938-68cceff6c892,army.blog,premium,640,2660,high,low,4,namesilo,,,20/09/2026 07:50
bee4d178-61be-4cb6-a079-4a7fe9dd5a33,army.stream,premium,6900,116,high,low,4,namesilo,,,20/09/2026 07:50
9a7c88a8-6f76-48b7-840d-e123f9454f9e,army.rocks,available,7.98,29.98,high,low,4,namecheap,,,20/09/2026 07:50
6fb530e7-f151-4010-91c6-ef9667c0c250,army.pictures,available,15.49,15.49,high,low,4,namesilo,,,20/09/2026 07:50
f87f3466-e30b-4206-90f2-44d781262ea5,army.cfd,premium,390,780,high,low,4,namecheap,,,20/09/2026 07:50
b02d3a4d-5ee2-4f19-9d7b-2294a3ae28fa,army.recipes,available,8.99,77.99,high,low,4,namesilo,,,20/09/2026 07:50
9a9db9e4-4286-4ee4-b3db-f956da0d020f,defense.navy,premium,128.7,128.7,high,low,7,namecheap,,,
2bea4309-fafd-4eb1-9a8f-ad7aad98132b,army.paris,available,66.98,66.98,high,low,4,namecheap,,,20/09/2026 07:50
0191c868-f4a0-41aa-bd3a-6349bedcf5d8,army.mba,available,17.99,39.99,high,low,4,namesilo,,,20/09/2026 07:50
0252a808-af40-4e38-94f2-05f98cadfec2,army.casino,available,14.99,159.99,high,low,4,namesilo,,,20/09/2026 07:50
ca456ee0-3357-4318-810f-8725c608566d,army.news,premium,1107,1107,high,low,4,namesilo,,,20/09/2026 07:50
4a75bb98-ebbe-4374-8b95-6fd7e9112404,army.fun,premium,1107,1107,high,low,4,namesilo,,,20/09/2026 07:50
401673b3-586b-4aac-8c11-f00a45c26880,army.healthcare,premium,118.8,118.8,high,low,4,namesilo,,,20/09/2026 07:50
7c698906-73b9-48be-9f02-2dfcad2581da,army.money,resell,,,high,low,4,Dynadot Inc,10/05/2025 12:31,10/05/2027 12:31,26/09/2026 04:01
0df80947-c0a3-4751-82b3-1fcb36e43ff4,army.coupons,available,5.99,54.99,high,low,4,namesilo,,,20/09/2026 07:50
fa60c60c-735c-4901-b11c-9b1cc30f7708,army.fund,premium,118.8,118.8,high,low,4,namesilo,,,20/09/2026 07:50
8eba760a-bd6e-46d9-8e19-b3065a8e97c0,army.lat,premium,2660,2660,high,low,4,namesilo,,,20/09/2026 07:50
feabfe6a-9d39-4a35-b422-8abee7538bf5,navy.airforce,premium,250,,high,low,4,name.com,,,
69ad35bb-a443-4561-bc0d-1142a46e085a,army.pink,available,14.49,25.99,high,low,4,namesilo,,,20/09/2026 07:50
977585b8-5f6a-4283-ba20-99f103bb459a,army.holiday,available,67.98,81.98,high,low,4,namecheap,,,20/09/2026 07:50
79588143-1739-4a93-806c-5eae1e75aaf0,army.racing,premium,116,192,high,low,4,namesilo,,,20/09/2026 07:50
03d8d41c-6f2e-4e1f-8109-40837b338843,army.guitars,premium,2660,2660,high,low,4,namesilo,,,20/09/2026 07:50
4c5d8fa6-c965-4d03-86d0-6c3042f0f800,army.now,premium,640,640,high,low,4,namesilo,,,20/09/2026 07:50
3c60e830-8481-4a26-bf48-e7342cb529f0,army.watch,premium,512,512,high,low,4,namesilo,,,20/09/2026 07:50
66dbbc25-dd0d-4d85-896b-058f42d75f0f,defense.juegos,available,478.98,,high,low,7,namecheap,,,
65421d01-1f47-44fb-ac7b-aabb4aa1af9d,army.villas,premium,242,242,high,low,4,namesilo,,,20/09/2026 07:50
a033f34a-bdf7-43ce-94ab-f366fd60bbec,army.partners,premium,128.7,128.7,high,low,4,namecheap,,,20/09/2026 07:50
19021697-bc76-4d6a-a2d1-d6582a5ff4f0,defense.express,available,16.99,,high,low,7,name.com,,,
7bf08d68-96e6-4f72-ab6e-a1a5595701ea,army.vin,available,8.99,59.99,high,low,4,namesilo,,,20/09/2026 07:50
3ffd3518-4a5b-4b69-852b-2d8236d8f0d1,army.ryukyu,available,17.98,22.98,high,low,4,namecheap,,,20/09/2026 07:50
e9dadff1-d69e-4fb3-851c-afd408d49af6,army.maison,available,57.99,57.99,high,low,4,namesilo,,,20/09/2026 07:50
43b66598-a5dd-443d-9eb3-f89f20187f40,army.nexus,premium,323.7,323.7,high,low,4,namecheap,,,20/09/2026 07:50
2710115f-5842-47f1-abc8-a8e13b0b593e,army.business,premium,118.8,118.8,high,low,4,namesilo,,,20/09/2026 07:50
a1513eab-974b-49cb-89c8-f24243901fee,defense.cyou,premium,71.83,287.3,high,low,7,namecheap,,,
e1a3955b-822e-468e-9dd2-05e683be62a0,army.review,premium,13800,116,high,low,4,namesilo,,,20/09/2026 07:50
55e84caf-f7e8-4d2a-bb7f-d59f47a1d93f,defense.science,premium,130,32.5,high,low,7,namecheap,,,
b2f6fbcd-c75d-4ae8-9dfa-18c523db2491,defense.finance,premium,260,260,high,low,7,namecheap,,,
6b40235e-c614-4aba-abb6-d60c31e6d586,defense.cafe,available,7.99,,high,low,7,name.com,,,
aa41e685-9936-4f4a-b21d-693245f0104c,defense.wine,available,9.99,,high,low,7,name.com,,,
673c2807-15b1-4921-98ea-5fabec5506aa,defense.soccer,available,19.99,,high,low,7,name.com,,,
e799e4f0-005c-4cd6-a597-5b2ed87275a9,army.report,premium,242,242,high,low,4,namesilo,,,20/09/2026 07:50
2f17a0b4-6314-482a-bd0b-89c3619f4fc9,defense.tech,premium,3125,,high,low,7,name.com,,,
7928ecb2-e572-41e6-9bd6-5aa49236dcf5,defense.fishing,available,45.98,,high,low,7,namecheap,,,
24c691fa-3060-41a6-8aa7-3db75d7a4040,defense.ac,available,49.99,,high,low,7,name.com,,,
6ba1e6f6-70ae-4413-b102-198118e2056a,army.condos,premium,118.8,118.8,high,low,4,namesilo,,,20/09/2026 07:50
5703d97d-bd0a-43b0-be3c-50a3851cc1e1,army.surgery,premium,118.8,118.8,high,low,4,namesilo,,,20/09/2026 07:50
8cc2e561-595b-4ce5-b6ea-4dbe443bc299,defense.la,resell,,,high,low,7,VIPDomains.LA  Founders Program,13/12/2015 01:47,13/12/2026 23:59,26/09/2026 05:28
dc7f568f-6600-43d3-896d-2790dd96f9d9,defense.country,available,2450,,high,low,7,namecheap,,,
5e280f84-240a-4e57-b1c2-188cd07ee0e5,army.tattoo,premium,116,116,high,low,4,namesilo,,,20/09/2026 07:50
8fa744fa-2e3a-42bc-ba36-89dd8482fb15,defense.exchange,available,10.99,,high,low,7,name.com,,,
d1202c42-eab6-468c-a3e4-ff779d47df2e,defense.flights,available,59.99,,high,low,7,name.com,,,
68eb1b5d-715e-426a-a746-9ac1c6fb49bb,defense.luxury,available,49.99,,high,low,7,name.com,,,
5170fd2c-de93-42c7-9ca4-daff39cbf8d4,defense.build,premium,650,650,high,low,7,namecheap,,,
d9e8501a-19f4-4cbf-a131-888b8e45a217,army.dating,premium,260,260,high,low,4,namecheap,,,20/09/2026 07:50
4c788aa5-e6d4-4625-af44-45293f3c7a65,defense.pub,available,47.99,,high,low,7,name.com,,,
09bb436b-8d87-42e5-a257-933ce52cd5e6,defense.beer,available,41.98,,high,low,7,namecheap,,,
07e17eb2-0998-4ffe-8046-c067461c215e,defense.camp,available,11.99,,high,low,7,name.com,,,
b16687b7-77f6-49c9-ba05-c8f0a59d6b2a,army.hiphop,available,23.99,23.99,high,low,4,namesilo,,,20/09/2026 07:50
41be8a50-f6a3-4181-8e18-bfe31aa5b36f,army.kim,available,12.99,23.49,high,low,4,namesilo,,,20/09/2026 07:50
c908a49f-ea06-448c-b3ed-aefc4252bc9b,defense.rehab,available,14.99,,high,low,7,name.com,,,
1354aa2f-02a6-43d0-bcae-75c729d6c4ac,defense.porn,available,154.98,,high,low,7,namecheap,,,
25147fcf-2c1e-4bfc-8f1c-155d475d2462,defense.dating,available,23.99,,high,low,7,name.com,,,
ac289282-48fa-44e2-9c7a-43100a63e428,army.photos,premium,26,26,high,low,4,namecheap,,,20/09/2026 07:50
bb95612c-974e-4a9d-9c5b-6192caf14250,army.christmas,premium,2660,2660,high,low,4,namesilo,,,20/09/2026 07:50
6baa45ee-c17b-4846-a38b-d47a9b286fc4,army.mov,premium,323.7,323.7,high,low,4,namecheap,,,20/09/2026 07:50
a614a945-496c-418c-9d1c-97f58b644beb,army.haus,available,14.99,33.99,high,low,4,namesilo,,,20/09/2026 07:50
ccd74e03-fa2a-4d15-8a5b-67070ea71f90,defense.gripe,available,8.98,,high,low,7,namecheap,,,
638c3a31-2a50-4c88-b764-6b41404f7452,army.boutique,available,5.99,32.99,high,low,4,namesilo,,,20/09/2026 07:50
c5f2231a-7a6b-466b-978a-ae56658fab4b,army.wine,available,9.99,59.99,high,low,4,namesilo,,,20/09/2026 07:50
f54a48a7-4045-4a6a-aac9-18d91d8ca442,army.food,premium,640,640,high,low,4,namesilo,,,20/09/2026 07:50
686cb941-e12b-48c7-9003-7454f5701fa6,army.beer,available,2.19,32.49,high,low,4,namesilo,,,20/09/2026 07:50
71ba50cb-86da-43ab-b5f1-db4e89365fee,army.rsvp,premium,648.7,648.7,high,low,4,namecheap,,,20/09/2026 07:50
bf70f27f-c2f3-4b30-995e-ae600a339fad,army.link,premium,960,960,high,low,4,namesilo,,,20/09/2026 07:50
5c0282e0-390a-431e-b292-0d4a67ab07b8,defense.to,resell,,,high,low,7,Tonic,25/09/2024 04:32,01/08/2027 00:00,26/09/2026 05:28
5ae6d7bc-c82e-4506-87c5-6348eb2359de,army.free,premium,1107,1107,high,low,4,namesilo,,,20/09/2026 07:50
73673fb6-7930-4173-9159-3458c635eaba,army.hamburg,available,69.98,73.98,high,low,4,namecheap,,,20/09/2026 07:50
9717cc67-9d00-4587-b653-c797050d87fb,army.games,premium,1107,1107,high,low,4,namesilo,,,20/09/2026 07:50
09a5895e-14ef-46a0-bbc1-03bc4671211e,defense.rodeo,available,16.99,,high,low,7,name.com,,,
2031580d-a51d-49ff-bec4-cd3fdce00bcb,army.town,premium,128.7,128.7,high,low,4,namecheap,,,20/09/2026 07:50
4c302641-aa69-4285-a97c-0ce195f388fb,defense.boo,premium,167.7,167.7,high,low,7,namecheap,,,
9b4f4599-edcc-4834-96f7-3c3365cab613,defense.trading,available,19.99,,high,low,7,name.com,,,
6301ada5-446d-431a-967a-5f4f476a6225,army.pet,available,14.49,27.59,high,low,4,namesilo,,,20/09/2026 07:50
49222906-a3dd-4aaf-9672-db571edc236f,army.help,premium,83.3,116,high,low,4,namesilo,,,20/09/2026 07:50
3b29412b-66c2-4d0a-880a-be16886deabd,defense.immobilien,available,14.99,,high,low,7,name.com,,,
073f489c-2707-40e4-94ab-deb680d61e54,defense.casino,available,17.99,,high,low,7,name.com,,,
5798d41c-2f9f-468b-a121-767b025b4bde,army.gift,premium,153.6,153.6,high,low,4,namesilo,,,20/09/2026 07:50
648e10f0-b0c2-4716-9440-6780e107ae25,defense.storage,available,799,,high,low,7,name.com,,,
807bdb3c-e02f-4df5-81e3-16591e2f615f,defense.jetzt,available,9.99,,high,low,7,name.com,,,
a75bfaa1-4f94-4195-a798-6b1c7c1b9055,defense.foo,premium,323.7,323.7,high,low,7,namecheap,,,
018b2d59-7379-4240-946e-edd563510659,defense.ski,available,39.99,,high,low,7,name.com,,,
541f9ef1-16f5-4d19-873c-a5bacc474f9b,army.team,resell,,,high,low,4,"Spaceship, Inc.",08/03/2026 22:17,08/03/2027 22:17,26/09/2026 04:01
1f4e4f4f-d78f-4fd5-b0d8-ec31d30cab3f,defense.toys,available,19.99,,high,low,7,name.com,,,
5423a218-0434-48b3-ab60-8f17fbe2aad0,army.place,available,22.49,22.49,high,low,4,namesilo,,,20/09/2026 07:50
d8bbeffa-79d4-4532-83c9-3e4e07189e89,defense.tickets,available,399.99,,high,low,7,name.com,,,
4593eee0-9983-4c2c-af50-ba683401bb9b,defense.boats,available,1.99,,high,low,7,name.com,,,
eb4fc00b-fb06-41d0-bbd1-77a956c52a8c,army.investments,available,12.99,129.99,high,low,4,namesilo,,,20/09/2026 07:50
56da2ea1-c959-4dca-958a-922ff0282f0a,defense.party,available,,,high,low,7,,,,
21d0b7f5-9dbb-4083-a600-a5bee836e2bc,defense.creditcard,available,9.99,,high,low,7,name.com,,,
efa4e763-45c9-4107-a47f-9afb8861f9a8,army.lighting,available,23.99,23.99,high,low,4,namesilo,,,20/09/2026 07:50
6b9b4d93-8ccd-42b1-a0cd-13c7f5839875,defense.lease,available,14.99,,high,low,7,name.com,,,
fb01a61f-877c-47b0-b461-6fb56a947ddc,defense.today,resell,,,high,low,7,"Sav.com, LLC - 3",23/03/2025 15:15,23/03/2027 15:15,26/09/2026 05:28
9aa73a38-c73e-4826-8bbe-a3cd719b0180,defense.tube,available,33.98,,high,low,7,namecheap,,,
8eca33db-aac4-465f-a6eb-149658dd458f,army.limited,available,36.99,36.99,high,low,4,namesilo,,,20/09/2026 07:50
ad0140cf-65c7-4569-bdae-b66fa7b50a84,army.auction,available,36.99,36.99,high,low,4,namesilo,,,20/09/2026 07:50
0495408f-698c-4760-bf40-a210d4371701,army.black,available,27.99,64.99,high,low,4,namesilo,,,20/09/2026 07:50
680c6a75-8a1b-42dd-a9aa-f78247a813aa,army.dad,premium,648.7,648.7,high,low,4,namecheap,,,20/09/2026 07:50
22aea1c4-7cf2-4e2b-823e-14d5d98d64bc,defense.moda,available,19.99,,high,low,7,name.com,,,
ad82c65e-6b39-4846-97c9-a47b65cf2c5c,defense.airforce,premium,85.8,85.8,high,low,7,namecheap,,,
3a9679a3-12e2-4c8c-a73e-252f5e750ebd,army.homes,premium,2660,2660,high,low,4,namesilo,,,20/09/2026 07:50
fbc02500-cdf6-459c-affd-9382d25e9d63,army.prof,premium,843.7,843.7,high,low,4,namecheap,,,20/09/2026 07:50
b0d890d1-c19f-4eb0-ba79-6717d9a0f52c,army.sarl,available,6.99,6.99,high,low,4,namesilo,,,20/09/2026 07:50
5a8a4fc5-6ddd-4ed2-85b4-8bef4991d53e,defense.bar,premium,292.5,585,high,low,7,namecheap,,,
0fc8e1ff-9f12-4ef3-96ac-207069aff10e,army.hosting,premium,1729,1729,high,low,4,namesilo,,,20/09/2026 07:50
7d820125-5e07-465c-bab7-6f73c6282a30,defense.observer,premium,13,13,high,low,7,namecheap,,,
a9c14f43-c9fa-40b5-a747-850e5894fe86,army.dental,available,78.99,78.99,high,low,4,namesilo,,,20/09/2026 07:50
cfdd1f92-f7a9-4f64-8437-33daa7824806,defense.loan,premium,130,32.5,high,low,7,namecheap,,,
409bbbc2-e444-46b0-895d-b168e9f01b1b,defense.host,premium,650,1300,high,low,7,namecheap,,,
f5648b86-a2c9-4210-93bf-118b9ed48afd,army.ventures,available,20.99,59.99,high,low,4,namesilo,,,20/09/2026 07:50
23f926d1-3803-49fb-bbda-9279a6789cb9,defense.wiki,available,2.99,,high,low,7,name.com,,,
0d83751e-49b9-4481-80dc-cd48315cba55,defense.deals,available,5.99,,high,low,7,name.com,,,
a59c83ee-1831-4482-a920-1208075575d3,army.ink,premium,325,325,high,low,4,namecheap,,,20/09/2026 07:50
5d91732f-6552-4203-aff3-89d87ae3457f,army.fishing,premium,96,29.5,high,low,4,namesilo,,,20/09/2026 07:50
43cb0013-a5d3-430b-a65f-d22eea50b616,defense.surf,available,43.98,,high,low,7,namecheap,,,
a004c604-c403-4c6a-844a-eb71b9068b9d,army.salon,available,57.99,57.99,high,low,4,namesilo,,,20/09/2026 07:50
940fc330-ce53-45b5-b3b8-818fb5f0f696,army.legal,available,71.99,71.99,high,low,4,namesilo,,,20/09/2026 07:50
50f72f9b-7098-43b0-a75a-1ee5b6f23940,defense.spot,premium,130,130,high,low,7,namecheap,,,
023a1e3d-3f18-4f1c-a6df-dc16cd873064,defense.club,premium,975,16.9,high,low,7,namecheap,,,
3ea2931f-d0d5-4d63-9657-a5fb53c0c293,defense.schule,available,19.99,,high,low,7,name.com,,,
8b04c068-d134-4d80-9de7-e182badc0e13,army.pics,premium,2660,2660,high,low,4,namesilo,,,20/09/2026 07:50
eb9bd04f-3bbe-43a0-9d0e-edff2916330e,defense.download,premium,130,32.5,high,low,7,namecheap,,,
a4ecaa92-e405-4268-bf7b-508b7b3c850d,defense.futbol,available,19.99,,high,low,7,name.com,,,
50fe2a7b-be62-4f3e-be40-0af1998b0213,defense.photos,available,14.99,,high,low,7,name.com,,,
9bb0f312-787d-4404-96d7-b5144a728abc,defense.life,resell,,,high,low,7,Xin Net Technology Corporation,12/10/2018 08:31,12/10/2027 08:31,26/09/2026 05:28
74691ff1-14a8-4f4d-aabf-876ad37c7e1d,defense.cv,premium,1301.53,9.75,high,low,7,namecheap,,,
66bc8823-87ce-4a77-9f53-fd7851533570,defense.nyc,premium,1300,32.5,high,low,7,namecheap,,,
0f19ffa9-954f-4eda-ab7b-f8645137d451,army.app,premium,1038.7,1038.7,high,low,4,namecheap,,,20/09/2026 07:50
93f66323-4c4e-4477-a066-ed9d2aefa4ab,defense.reviews,premium,128.7,128.7,high,low,7,namecheap,,,
bbcfcab4-ec6a-47ad-b7d2-78bb4164318d,defense.ryukyu,available,22.98,,high,low,7,namecheap,,,
b7e95eaf-7c00-495e-ada1-f2bc71d8c19f,army.faith,premium,3450,116,high,low,4,namesilo,,,20/09/2026 07:50
65d87c7d-c6d2-424d-830c-25d7be70b443,army.auto,available,2070,2950,high,low,4,namecheap,,,20/09/2026 07:50
44ccdc10-100a-4119-9a1f-e140ac465c65,defense.bingo,available,14.99,,high,low,7,name.com,,,
b644c897-a6d4-4021-9931-e475b9e8b17f,army.quest,premium,2660,2660,high,low,4,namesilo,,,20/09/2026 07:50
3dbf9fc1-eff7-4726-a3f3-878d7e83fe5a,army.futbol,available,5.98,21.98,high,low,4,namecheap,,,20/09/2026 07:50
bf80c655-0ad0-4f6f-addf-786935ef25b2,army.domains,premium,512,512,high,low,4,namesilo,,,20/09/2026 07:50
b93a2614-813a-4bba-9de7-54381332d356,defense.plus,resell,,,high,low,7,"Chengdu West Dimension Digital Technology Co., Ltd.",24/09/2019 22:40,24/09/2027 22:40,26/09/2026 05:28
6dc7d7d1-2f9c-47c1-840e-a12cab0b99e1,defense.jewelry,available,19.99,,high,low,7,name.com,,,
0c2dc0ee-f639-435c-aaca-82ba72c2d8e1,army.blackfriday,available,114.99,114.99,high,low,4,namesilo,,,20/09/2026 07:50
93ec6e9c-1783-4001-a4a5-e4732ea30c10,defense.living,available,5.49,39.99,high,low,7,namesilo,,,25/09/2026 09:19
69f7123b-8896-4fc2-905d-822afe1fcb54,defense.care,resell,,,high,low,7,"GoDaddy.com, LLC",15/12/2018 02:09,15/12/2026 02:09,26/09/2026 05:28
eec87e8c-fdce-43f8-ae7a-1d25a95de439,army.rehab,available,36.99,36.99,high,low,4,namesilo,,,20/09/2026 07:50
ba86dcf7-95e4-4bcd-a715-333aa99500f8,defense.computer,available,29.99,,high,low,7,name.com,,,
543f0848-a4b0-4102-86b7-a83992807c22,defense.theater,available,19.99,,high,low,7,name.com,,,
1cd9795e-0cc3-49b4-8d14-574b1d9462a1,defense.rip,available,7.99,,high,low,7,name.com,,,
71ce3a13-09b8-40f5-9a8b-ad5b228a4620,army.tools,premium,78.54,78.54,high,low,4,namesilo,,,20/09/2026 07:50
8963c00c-62ff-44fa-a7fd-b87ee0a1001e,defense.archi,available,24.99,,high,low,7,name.com,,,
04085d8d-cd67-4dc0-a3ec-5a099e0dde71,defense.boston,premium,52,19.5,high,low,7,namecheap,,,
4ccd776d-40da-425f-b3f0-f1284f43136a,army.courses,premium,242,242,high,low,4,namesilo,,,20/09/2026 07:50
cde63afc-6b90-41ec-baa3-5d82f79946bb,army.house,available,19.99,44.49,high,low,4,namesilo,,,20/09/2026 07:50
9b939992-3793-4e12-80f8-4f61f0b4e240,defense.coffee,available,23.99,,high,low,7,name.com,,,
c3e01faf-0228-4f5f-9350-a7493b017d49,defense.fashion,available,45.98,,high,low,7,namecheap,,,
50cd6d5a-1921-448e-aef0-5658f5b85b44,army.contact,available,14.99,14.99,high,low,4,namesilo,,,20/09/2026 07:50
fbbc9057-90c5-4a7d-8c2b-b33af9d2530b,army.autos,premium,2660,2660,high,low,4,namesilo,,,20/09/2026 07:50
7790a85b-8836-45ed-8618-c5615e5a8e77,defense.hosting,available,398,,high,low,7,namecheap,,,
9e90447b-70a1-4ee2-9f27-636bdbf51e62,army.surf,premium,96,29.5,high,low,4,namesilo,,,20/09/2026 07:50
86b12172-0012-426c-bf5a-5d439bc79658,army.build,premium,1950,1950,high,low,4,namecheap,,,20/09/2026 07:50
d9d06db8-0742-4994-b14c-3c8e8768aba9,defense.games,premium,1300,1300,high,low,7,namecheap,,,
3ff91405-0e95-4ec7-9928-edb6fa400b61,defense.auto,available,2950,,high,low,7,namecheap,,,
dec51d4c-9ad3-4745-82d0-ff57ed23d073,army.london,premium,69.39,34.7,high,low,4,namecheap,,,20/09/2026 07:50
d4155bd6-ce8a-440f-bcdc-ccd61a9a52d1,army.industries,premium,78.54,78.54,high,low,4,namesilo,,,20/09/2026 07:50
d5af4f07-7b58-4479-b941-1a82b86a190b,army.qpon,premium,53.92,23.54,high,low,4,namesilo,,,20/09/2026 07:50
9f09b3a9-4c19-4877-b3c4-a8060fea28d1,defense.fyi,premium,18.75,,high,low,7,name.com,,,
82b22094-7ebd-4331-89fc-707e7b15c3c6,defense.yoga,available,45.98,,high,low,7,namecheap,,,
62364e64-d1b4-4d07-83cb-7c23a66c1685,army.academy,premium,242,242,high,low,4,namesilo,,,20/09/2026 07:50
5f0c3362-3b7e-4753-9bbc-58292e9f37e3,defense.barcelona,available,38.98,,high,low,7,namecheap,,,
cc63c978-91cf-4b3f-8677-be7669a9efa8,defense.style,available,12.99,,high,low,7,name.com,,,
61228b8f-efc2-4f31-9048-26834bcc79a2,army.reviews,available,62.99,62.99,high,low,4,namesilo,,,20/09/2026 07:50
13fad7d9-7e4c-481c-9d52-a07b0d61b3fe,defense.one,premium,625,,high,low,7,name.com,,,
d7e2d55b-e211-4f8c-8046-2c6f618dc214,defense.vin,available,11.99,,high,low,7,name.com,,,
350bb95f-57b5-49c5-bb53-0b4917e7c331,army.hot,premium,1107,1107,high,low,4,namesilo,,,20/09/2026 07:50
b9c4802a-7d94-4f8b-81e6-88eeb93d10f1,defense.cards,available,3.99,,high,low,7,name.com,,,
fffe6c32-405f-4050-ba4f-b95240216a10,defense.review,premium,6500,130,high,low,7,namecheap,,,
ae700b2f-5446-454b-bb0d-b25a047d8969,army.direct,available,17.99,41.99,high,low,4,namesilo,,,20/09/2026 07:50
ccc6c72b-759d-4002-bfb0-52c90166a17d,defense.movie,available,69.99,,high,low,7,name.com,,,
4f66cd78-3750-40a7-b5d0-82444f2d93be,army.flights,premium,512,512,high,low,4,namesilo,,,20/09/2026 07:50
f1f9963d-000b-48f2-aeef-8c24c4cac8b3,army.energy,available,15.99,114.99,high,low,4,namesilo,,,20/09/2026 07:50
b968ce7c-f566-40a5-be3f-98d6f9ac17d2,army.organic,available,17.99,85.99,high,low,4,namesilo,,,20/09/2026 07:50
450aa49e-223b-4fd3-9db5-7e8d1203bf7e,army.ceo,available,10.19,129.99,high,low,4,namesilo,,,20/09/2026 07:50
22ee07b0-6318-4069-b7ba-343201b52fb2,army.loan,premium,13800,116,high,low,4,namesilo,,,20/09/2026 07:50
c0122af2-c61e-451e-a38a-60654538abc5,army.rip,available,23.49,23.49,high,low,4,namesilo,,,20/09/2026 07:50
25185f2f-d0c7-4522-802e-8e79af2886ec,warfare.navy,available,41.99,41.99,high,low,7,namesilo,,,
f5afaa6d-693d-47c9-af3d-6e1fa9ae32f9,defense.properties,available,10.99,,high,low,7,name.com,,,
f96fcc49-5926-431e-8404-9e4f38eecc88,navy.cloud,resell,,,high,low,4,Porkbun LLC,05/05/2018 00:27,05/05/2027 00:27,26/09/2026 07:43
f527e2f4-85d3-4b82-a37f-9a9b032082f2,army.bayern,available,34.99,34.99,high,low,4,namesilo,,,20/09/2026 07:50
0e6c2057-f874-4567-8bd5-0d9aac435819,army.day,premium,648.7,648.7,high,low,4,namecheap,,,20/09/2026 07:50
995409c6-55c7-436b-837c-76f005c210d0,forces.navy,available,41.99,41.99,high,low,6,namesilo,,,16/09/2026 15:45
6cd0d572-e3f0-43a3-80ee-e1a5ffd58c60,army.ing,premium,845,845,high,low,4,namecheap,,,20/09/2026 07:50
793ac45d-15a4-4432-9b3f-0a5e6fcc73c5,defense.maison,available,19.99,,high,low,7,name.com,,,
e872b01b-d289-4d87-b900-1f4fcde30b65,defense.codes,available,92.98,,high,low,7,namecheap,,,
533fac1e-c2d6-47ef-8c46-6c939023079b,army.lol,premium,2660,2660,high,low,4,namesilo,,,20/09/2026 07:50
8243bef6-b467-42f9-b9e5-77e4f059bc8e,army.moi,available,25.99,25.99,high,low,4,namesilo,,,20/09/2026 07:50
166ec1c3-02ee-443b-b2a3-1495d3d841ea,defense.photography,available,46.48,,high,low,7,namecheap,,,
5694ca9d-cc95-429d-ae51-2a144bfb89ab,defense.cricket,premium,455,65,high,low,7,namecheap,,,
8b44290a-e33d-4527-af7d-b8e662d6dc0d,army.vip,premium,6900,17.7,high,low,4,namesilo,,,20/09/2026 07:50
bc4dc34f-e6ea-4f8d-a8e8-6631fc4e04c1,defense.farm,available,13.99,,high,low,7,name.com,,,
8302a4c3-cd9e-44e9-ab06-e59c59706063,army.spot,premium,1107,1107,high,low,4,namesilo,,,20/09/2026 07:50
03cabaa2-4344-4d17-b422-e8628ea86b4d,army.graphics,premium,118.8,118.8,high,low,4,namesilo,,,20/09/2026 07:50
b660ba9a-b0a3-4d59-aab6-5750ba5866f4,navy.limo,available,19.99,,high,low,4,name.com,,,
fa3f59d7-a120-4c92-8ef5-2f83276c8aac,army.coach,available,17.99,77.99,high,low,4,namesilo,,,20/09/2026 07:50
5b09bf7b-2798-4cd1-b2cd-4eb516f0f739,army.productions,premium,242,242,high,low,4,namesilo,,,20/09/2026 07:50
de74cb5f-b67a-43f0-9038-9ce4c5a5d21a,defense.cfd,premium,83.85,335.4,high,low,7,namecheap,,,
d8985fbd-08fe-49d7-ab3e-b2675addcada,defense.property,available,,,high,low,7,,,,
982ac556-b42d-4a47-a670-d01347df970f,defense.monster,available,19.98,,high,low,7,namecheap,,,
d69a3cb6-9083-4c91-8199-3612e5a55a67,army.bingo,available,51.98,68.98,high,low,4,namecheap,,,20/09/2026 07:50
a7289ebf-2417-406b-911d-33550d4b03da,army.skin,premium,2660,2660,high,low,4,namesilo,,,20/09/2026 07:50
4a9ec121-d6d8-41ff-b5f3-8020b2184ef0,army.makeup,premium,2600,2600,high,low,4,namecheap,,,20/09/2026 07:50
999fac41-5add-42e0-8618-3c2e8613da36,army.barcelona,available,38.98,38.98,high,low,4,namecheap,,,20/09/2026 07:50
703892cf-8711-4d74-9e39-9b3bcb4ec61d,defense.marketing,available,9.99,,high,low,7,name.com,,,
bcef561e-cafe-4142-b042-28fb35d1efc7,defense.tires,available,14.99,,high,low,7,name.com,,,
8d71998a-3392-4c04-a851-c4deb823cc40,army.host,premium,1107,1107,high,low,4,namesilo,,,20/09/2026 07:50
2b03f1c0-eaa4-4c21-89db-7d96ffe50c37,defense.motorcycles,available,1.99,,high,low,7,name.com,,,
59cb31f4-2d05-452f-971e-793880855fbb,defense.icu,premium,18.85,75.4,high,low,7,namecheap,,,
3c1556aa-3bc5-47ce-8f23-646c777e0375,army.science,available,12.98,16.98,high,low,4,namecheap,,,20/09/2026 07:50
20e4bc03-ff8d-44fc-ab74-db39c51effbc,army.dealer,premium,4278,2660,high,low,4,namesilo,,,20/09/2026 07:50
886a7acb-1b42-4237-b326-b2e9b653e72c,army.press,premium,1950,3900,high,low,4,namecheap,,,20/09/2026 07:50
6292abb3-894c-4b75-a2a3-6cb4fea3f30e,defense.tips,available,14.99,,high,low,7,name.com,,,
b3166b3d-1c57-4ba3-8e97-fb22cc597572,defense.shop,premium,1250,,high,low,7,name.com,,,
95f0482e-35eb-483d-b795-4db43aa1a5dc,defense.poker,available,14.99,,high,low,7,name.com,,,
44cdab18-bbd7-4382-82e9-5784d9d80d71,army.land,premium,118.8,118.8,high,low,4,namesilo,,,20/09/2026 07:50
c737d466-5035-4437-be21-c5909a3d93f7,defense.forsale,premium,128.7,128.7,high,low,7,namecheap,,,
9a1a8dfb-2ff6-47ca-a326-ab4eca929d3b,army.cooking,premium,96,29.5,high,low,4,namesilo,,,20/09/2026 07:50
a5e4b992-4c18-4e37-ba9d-daa1a6e3057d,army.cruises,available,56.99,56.99,high,low,4,namesilo,,,20/09/2026 07:50
cd4920d9-c591-4996-8d76-d0fe2265660d,defense.phd,premium,206.7,206.7,high,low,7,namecheap,,,
5a83428e-0d93-4024-a747-a1f5c742cf59,defense.lighting,available,14.99,,high,low,7,name.com,,,
b98d9e86-93c6-48ac-890f-65e8f56f4b01,defense.voting,available,1448,,high,low,7,namecheap,,,
8fa5b3bb-e943-4407-94c4-5d720381db6a,marine.army,premium,128.7,128.7,high,low,6,namecheap,,,25/09/2026 16:45
d2989f01-38e6-4017-bfb0-fd9796f4284b,defense.gg,resell,,,high,low,7,"Spaceship, Inc (https://www.spaceship.com)",,,26/09/2026 05:28
7c77614e-2936-4e4e-b5c8-d4eb1d8de21d,army.protection,available,1999.99,2049.99,high,low,4,namesilo,,,20/09/2026 07:50
df5e38a0-35c0-49a3-9432-95fa3760a560,army.adult,premium,322.4,322.4,high,low,4,namecheap,,,20/09/2026 07:50
c69fd644-154c-4c51-aa36-cb5f093bf190,defense.cheap,available,9.99,,high,low,7,name.com,,,
8eb3acc6-b5d6-473e-8e40-3564b1b87ac2,strategy.game,available,309.99,429.99,high,medium,8,namesilo,,,29/09/2026 00:42
905b9b07-0f89-4562-ba66-a0d4c2024bbe,army.tickets,premium,1995,1995,high,low,4,namesilo,,,20/09/2026 07:50
b65c0424-dba8-4888-9f2a-8c62e4c0dcc9,defense.baby,available,29.99,,high,low,7,name.com,,,
8a904770-072b-4f40-8526-452365b37193,army.luxe,available,19.49,19.49,high,low,4,namesilo,,,20/09/2026 07:50
cca82feb-8ba2-48a1-a791-238a8f2f5207,defense.prof,premium,206.7,206.7,high,low,7,namecheap,,,
077304d6-a1ff-4627-9cbf-df9ca3cc5d1a,defense.deal,premium,130,130,high,low,7,namecheap,,,
4a44185f-57bb-4170-9387-b51c5466b864,defense.mobi,resell,,,high,low,7,"Sav.com, LLC - 30",16/06/2026 15:16,16/06/2027 15:16,26/09/2026 05:28
cce08c16-b83d-4e69-b391-fb910c84a977,defense.page,premium,167.7,167.7,high,low,7,namecheap,,,
991d6156-5103-4d62-a8b6-c1317aef7470,strategy.llc,premium,2600,2600,high,medium,8,namecheap,,,29/09/2026 00:42
7373a72d-51e4-432e-ab75-fb177bb70318,defense.desi,available,22.98,,high,low,7,namecheap,,,
dcbb0491-92ec-4998-b633-0984a216392a,defense.kids,premium,65,23.4,high,low,7,namecheap,,,
8d5c3b12-0451-4240-a69a-0e1b33cfe08b,defense.social,resell,,,high,low,7,Squarespace Domains II LLC,07/02/2024 15:15,07/02/2027 15:15,26/09/2026 05:28
a4de464d-5084-4c2f-8aca-e3f919a9c7c0,defense.racing,premium,130,130,high,low,7,namecheap,,,
526a1d17-bf7b-4e7b-8786-fd1eb5b0c2b3,soldier.airforce,available,103.99,103.99,high,low,7,namesilo,,,
fd74f67f-1591-4c6b-b9c3-27123ff3958e,defense.markets,available,9.99,,high,low,7,name.com,,,
153de0f8-046d-4772-9679-dc516657af4f,army.events,premium,512,512,high,low,4,namesilo,,,20/09/2026 07:50
721f641b-8dad-4d57-8c64-0036dc6bcfe6,defense.fitness,premium,260,260,high,low,7,namecheap,,,
51b9214e-820f-4fd4-8580-d2adaca81483,army.viajes,available,37.99,37.99,high,low,4,namesilo,,,20/09/2026 07:50
32a8c8ea-efdd-4e00-8d2a-d0c7972eb151,defense.domains,available,19.99,,high,low,7,name.com,,,
56a7d602-a5e3-4467-a907-e460c04b859e,army.sale,premium,512,512,high,low,4,namesilo,,,20/09/2026 07:50
591848c3-0e50-430d-934d-d2b824a3c60a,defense.education,available,39.99,,high,low,7,name.com,,,
e406fe10-9dbb-4a13-96f4-3b8ca3f66859,combat.army,premium,1040,1040,high,low,6,namecheap,,,24/09/2026 18:08
a4c4fbc8-178b-4719-b8bf-b35a3d500f5c,defense.rent,available,29.99,,high,low,7,name.com,,,
937bd4f4-2a88-47bf-a481-5790e08121cc,defense.sex,available,154.98,,high,low,7,namecheap,,,
ab76718e-5901-4c6d-9aed-7f162ef07fdd,army.forex,available,11.98,133.98,high,low,4,namecheap,,,20/09/2026 07:50
75b7da9a-5cff-4ec8-939b-abaf6b29ce4b,army.cyou,premium,390,780,high,low,4,namecheap,,,20/09/2026 07:50
15b361f1-08e4-4440-827e-2322574b2769,army.soccer,available,25.99,25.99,high,low,4,namesilo,,,20/09/2026 07:50
ba875d54-ed01-4978-8587-cf1fac8ef32c,defense.town,available,9.99,,high,low,7,name.com,,,
957cd108-7888-4868-9102-bb1b56646f55,strategy.holiday,available,51.95,51.95,high,medium,8,spaceship,,,29/09/2026 00:42
fa306822-eb62-4f7c-96e7-7019a98f0cfe,army.mobile,premium,390,390,high,low,4,namecheap,,,20/09/2026 07:50
723b9531-2545-42ab-aca0-29434ef3de48,defense.vodka,available,43.98,,high,low,7,namecheap,,,
14a5b61d-7f47-47e9-bfb4-1578da7ca051,army.solar,available,64.99,64.99,high,low,4,namesilo,,,20/09/2026 07:50
6033b2c0-0d05-4a1f-9885-4cd5b0e8ae16,defense.dealer,premium,2015,2600,high,low,7,namecheap,,,
3469d173-e1ae-488b-9526-1af6358fbb68,army.boats,premium,2660,2660,high,low,4,namesilo,,,20/09/2026 07:50
75fe2b22-0578-48d4-9062-4e01a3cfe86a,defense.hair,available,1.99,,high,low,7,name.com,,,
22ba3e62-beaa-445e-9235-fc708f378a11,army.moda,available,43.98,45.98,high,low,4,namecheap,,,20/09/2026 07:50
a3dc8044-9529-4b31-b963-40dc60952cd9,army.dance,available,16.99,27.49,high,low,4,namesilo,,,20/09/2026 07:50
b17065fe-48bc-4c76-b55e-ae6055c9cb4f,defense.productions,available,14.99,,high,low,7,name.com,,,
c730cb3f-280f-4349-85dc-c473055fdc2f,defense.immo,available,14.99,,high,low,7,name.com,,,
2ed52b9e-3119-4506-9a4d-f515db2bdfd5,defense.guitars,available,159.98,,high,low,7,namecheap,,,
61f51909-9e1a-4f40-ac93-47a0d86359f4,army.gay,premium,2660,2660,high,low,4,namesilo,,,20/09/2026 07:50
d5d22d90-8208-4d1a-ad22-44fa01e56bad,navy.help,premium,87.5,,high,low,4,name.com,,,
9390026c-1a53-434a-b0bb-2f798cc0879b,forces.airforce,available,103.99,103.99,high,low,6,namesilo,,,16/09/2026 15:45
a30c35b9-8ecc-479a-a8c6-125048c54615,defense.consulting,premium,520,520,high,low,7,namecheap,,,
8bb03c4a-7b98-47fe-925a-2ecc75b7e716,navy.racing,premium,125,,high,low,4,name.com,,,
8e3c24fa-b788-4227-891d-0858faacec76,army.democrat,available,7.25,32.99,high,low,4,namesilo,,,20/09/2026 07:50
7047f15e-ad09-4099-bbc9-cd083646564b,defense.vacations,available,9.99,,high,low,7,name.com,,,
e463d43e-4a44-4543-9e44-afe0864c23ea,army.band,premium,128.7,128.7,high,low,4,namecheap,,,20/09/2026 07:50
0ab36c65-dcad-49b1-abc3-201d25dd933a,forces.ninja,available,15.99,30.99,high,low,6,namesilo,,,16/09/2026 15:45
03a8a53e-ca0c-4189-a65d-a0f87ff7af3f,army.life,resell,,,high,low,4,"Chengdu West Dimension Digital Technology Co., Ltd.",07/02/2020 07:15,07/02/2027 07:15,26/09/2026 04:01
1508112e-c3bf-453e-afb1-384617dedc76,battle.army,premium,118.8,118.8,high,low,6,namesilo,,,22/09/2026 14:39
3a708a43-f885-4da7-a88b-260216d4da9c,navy.loans,resell,,,high,low,4,"GoDaddy.com, LLC",04/04/2015 17:09,04/04/2027 17:09,26/09/2026 07:43
fa037538-1284-4cec-a1d3-d58c997143e7,army.bar,premium,409.5,585,high,low,4,namecheap,,,20/09/2026 07:50
32d8f531-bc4c-42ab-8a31-d848ad05b187,army.voto,available,11.98,86.98,high,low,4,namecheap,,,20/09/2026 07:50
6d70b993-d52d-4f3d-bc83-41fc4c6dadcf,army.living,premium,640,640,high,low,4,namesilo,,,20/09/2026 07:50
3ea50295-fafb-4080-885c-8e525dce4441,army.international,available,12.99,31.49,high,low,4,namesilo,,,20/09/2026 07:50
ee2a9aab-01a2-47e7-87f5-d9e8f3562efe,defense.solar,available,9.99,,high,low,7,name.com,,,
cd476d71-e4ff-42c9-91b0-7765d96cec05,defense.sarl,available,8.98,,high,low,7,namecheap,,,
5924d986-0259-4e59-bdec-c06391bb9405,navy.band,premium,123.75,,high,low,4,name.com,,,
7bfd78b3-e62d-4067-b162-580171253c36,defense.gay,available,50.98,,high,low,7,namecheap,,,
35ded881-b950-49dd-b920-2d1703e6707b,defense.sale,premium,128.7,128.7,high,low,7,namecheap,,,
a791c3dc-50b8-4b24-9abe-99102e6e003f,soldiers.zone,available,14.99,,high,low,8,name.com,,,
a155356a-a331-4464-a410-eaac6c019250,defense.osaka,available,,,high,low,7,,,,
4eb51a70-af4f-4cc6-b089-3a8a4470c6e4,army.associates,premium,78.54,78.54,high,low,4,namesilo,,,20/09/2026 07:50
b946abbd-33f0-4f3d-8c83-51f3fecae814,navy.giving,premium,82.5,,high,low,4,name.com,,,
4d241842-1c99-4295-bf61-1b7bd104b653,navy.charity,premium,250,,high,low,4,name.com,,,
942ecd1d-3ad0-4bf5-9e82-b7aa4b60f6b3,defense.support,resell,,,high,low,7,"Spaceship, Inc.",21/12/2025 22:25,21/12/2026 22:25,26/09/2026 05:28
4478f706-08bc-4873-a589-ee0b7c98a465,defense.xxx,available,154.98,,high,low,7,namecheap,,,
e449b52a-2798-4ce8-bd2d-6fe7fafbeaed,defense.ca,resell,,,high,low,7,MyID.ca INC.,24/01/2002 15:04,24/01/2027 05:00,26/09/2026 05:28
affdca6a-d1ae-48ea-b264-1b032664e912,army.blue,available,19.99,24.99,high,low,4,namesilo,,,20/09/2026 07:50
f2008c85-13d8-410d-8394-fe551b7bdfc2,forces.energy,available,15.99,114.99,high,low,6,namesilo,,,16/09/2026 15:45
4d8c07b5-38dc-4fcb-a7f2-dfd674e94669,navy.voting,available,1448,,high,low,4,namecheap,,,
5550134b-b103-4f11-9466-c2375ffafb02,navy.vision,premium,123.75,,high,low,4,name.com,,,
d5512746-0f31-416d-b0a5-93aec1dc1d75,navy.moda,premium,123.75,,high,low,4,name.com,,,
e6244a8e-cbcd-4ac1-beb0-ebcc76868c92,army.apartments,available,57.99,57.99,high,low,4,namesilo,,,20/09/2026 07:50
d3cd80ff-3149-4b92-8bbe-ab6c4b1ec3e8,defense.engineering,available,85.98,,high,low,7,namecheap,,,
1d509ea4-ce37-4942-8511-be7ba7fdd1c1,defense.bot,premium,1300,1300,high,low,7,namecheap,,,
8303f09c-f260-4e6f-a34f-0d63755523a8,strategy.plumbing,available,72.99,72.99,high,medium,8,namesilo,,,29/09/2026 00:42
0e03e86c-cb0f-4674-8f25-b6021eceaf8f,army.voting,available,1398,1448,high,low,4,namecheap,,,20/09/2026 07:50
4686c0d8-8355-4c63-bba5-0267c0bc7582,defense.quest,resell,1.99,,high,low,7,"Spaceship, Inc.",12/04/2026 23:29,12/04/2027 23:59,26/09/2026 05:28
c5e252f9-1a1c-424a-96dd-191891e3e453,navy.kiwi,premium,73.6,,high,low,4,name.com,,,
822baa41-98b9-4963-a595-c2c85a334299,army.new,available,488.98,601.98,high,low,4,namecheap,,,20/09/2026 07:50
1c9e8353-3008-41aa-8e85-b1bab42f782f,defense.place,available,25.99,,high,low,7,name.com,,,
90fdad2a-7f0f-40ce-9b2a-638deb42909d,defense.security,available,2950,,high,low,7,namecheap,,,
6c0314cf-52ea-4f0a-b108-cf8ed35e4387,navy.diy,premium,218.75,,high,low,4,name.com,,,
129981c1-7bd3-482e-acce-346da056c2aa,army.theater,available,65.99,65.99,high,low,4,namesilo,,,20/09/2026 07:50
e79061ff-d6c2-4ac6-bf81-c3bfa8bfc120,strategy.lawyer,available,49.95,49.95,high,medium,8,porkbun,,,29/09/2026 00:42
3614fa19-38da-4282-94f8-d7c89a7d1564,army.charity,premium,242,242,high,low,4,namesilo,,,20/09/2026 07:50
0ec024a8-0549-4872-a56c-7e6064dfb319,navy.consulting,premium,69.3,138.6,high,low,4,namecheap,,,
e1ba55a5-fa06-4c29-b925-6d43df1763f4,defense.accountant,premium,650,84.5,high,low,7,namecheap,,,
f7b34e7b-1400-4b51-9726-755b3a891a9c,army.gold,available,9.99,99.99,high,low,4,namesilo,,,20/09/2026 07:50
6335ba88-0bf2-4bdc-a256-0786bcd8a6da,army.cars,available,1999.99,2199,high,low,4,namesilo,,,20/09/2026 07:50
054b3f5f-ee52-4215-b1a3-83a9f149eca9,army.tennis,available,65.99,65.99,high,low,4,namesilo,,,20/09/2026 07:50
a70badd9-42fd-4bcf-b10a-d7b7b835bb7e,army.gratis,available,23.99,23.99,high,low,4,namesilo,,,20/09/2026 07:50
c908c127-8015-4671-a5e4-af5566167dd4,army.asia,resell,,,high,low,4,InterNetX GmbH,19/07/2008 07:02,19/07/2027 07:02,26/09/2026 04:01
fd8bbe83-96bb-4c1d-bba0-d4b558e2d4fa,defense.shopping,available,14.99,,high,low,7,name.com,,,
f45b40ea-1b6b-4371-883c-f0f7734463a6,navy.theatre,available,620,,high,low,4,namecheap,,,
04c42e7b-d324-4339-bdd0-8014156aa960,navy.yoga,available,45.98,,high,low,4,namecheap,,,
3b87d92c-dc85-443e-b459-db1a803a8850,navy.bio,available,9.99,,high,low,4,name.com,,,
a3d94242-73e0-4f17-9309-25f61737c113,navy.pw,premium,1872.92,,high,low,4,name.com,,,
5060b13f-30cc-450e-92aa-f1c6a32ee22d,defense.directory,resell,7.99,,high,low,7,"Spaceship, Inc.",20/04/2026 05:38,20/04/2027 05:38,26/09/2026 05:28
afdeb484-9ef7-47fb-ac2c-659e0b23aa57,navy.uno,available,,,high,low,4,,,,
52875d81-026a-43b4-85a3-8f7a33a5d3d7,strategy.voto,available,10.55,55.93,high,medium,8,spaceship,,,29/09/2026 00:42
9087ece0-6d3c-45ee-96a5-c7db9e28aa2d,army.services,premium,78.54,78.54,high,low,4,namesilo,,,20/09/2026 07:50
1ad53bb1-8375-47f6-9c1b-6a24ba7fe732,defense.zip,premium,323.7,323.7,high,low,7,namecheap,,,
e113a646-4976-4c5a-a005-7c0d9f92b4dd,navy.energy,resell,21.99,,high,low,4,IONOS SE,28/03/2026 13:51,28/03/2027 13:51,26/09/2026 07:43
89856b02-4df0-42f5-91b3-774f8524de5d,soldiers.army,premium,854,854,high,low,8,namesilo,,,
56c4b7d9-99f8-4359-89d9-b6b77e65c19c,army.immo,available,34.99,34.99,high,low,4,namesilo,,,20/09/2026 07:50
377ce902-62c5-4f9d-afb6-c401368cf006,army.archi,available,19.99,103.99,high,low,4,namesilo,,,20/09/2026 07:50
d36ba195-cbda-40ff-8b0e-45606a818c09,navy.inc,available,,,high,low,4,,,,
939eab94-9995-49a4-8249-79104c186201,army.hockey,available,59.99,59.99,high,low,4,namesilo,,,20/09/2026 07:50
cd991050-0129-4649-b7c9-caa29cc4d85a,strategy.mortgage,premium,242,242,high,medium,8,namesilo,,,29/09/2026 00:42
d6899c97-4ef1-4d31-ae69-4d61fe46e4f5,army.de,resell,,,high,low,4,,,,26/09/2026 04:01
d57b8b00-eb93-4213-bb21-3e461fd7a0b0,navy.maison,available,19.99,,high,low,4,name.com,,,
2b5aee55-7c4a-497a-aad9-8ab637f96193,defense.giving,available,5.99,,high,low,7,name.com,,,
e3c6ed69-6e58-4623-b7cb-c127e7a7c2aa,defense.shiksha,premium,650,650,high,low,7,namecheap,,,
136b7898-d434-418f-83da-5c37b2f1ea8d,defense.condos,available,71.99,,high,low,7,name.com,,,
245dc11b-7b32-4c7e-aea7-50dcdac8ae99,forces.dev,premium,203.52,203.52,high,low,6,namesilo,,,16/09/2026 15:45
9ab89768-2eac-4a40-bf4e-7cbb7b2202ec,navy.srl,premium,57.5,,high,low,4,name.com,,,
3df82d01-5c77-4f41-abd3-ff7f1e12b98f,soldiers.business,premium,118.8,118.8,medium,low,8,namesilo,,,
4d92c58c-7980-4cf0-b7d9-dbf1d0634590,defense.estate,available,14.99,,high,low,7,name.com,,,
b0d1da3a-939c-4118-8908-437a1e5b7b4e,defense.fund,premium,84.99,,high,low,7,name.com,,,
ea01dc52-4dca-4d33-9ba7-4491b0172975,strategy.organic,available,17.99,85.99,high,medium,8,namesilo,,,29/09/2026 00:42
24b60634-1eaa-4780-a642-fae5fc9f40b5,defense.men,available,,,high,low,7,,,,
6c7c1baf-8193-447e-b2bf-ee3dd00ab230,army.broker,available,11.98,47.98,high,low,4,namecheap,,,20/09/2026 07:50
bb418573-ef53-4f32-87b0-da27aab259be,navy.digital,resell,,,high,low,4,"Sav.com, LLC - 47",07/08/2026 15:15,07/08/2027 15:15,26/09/2026 07:43
11759dc4-6d8b-4218-8209-882fd6a8c05a,defense.onl,available,4.99,,high,low,7,name.com,,,
a539a561-fb4d-4e2e-a097-9093a60552ff,army.tv,resell,,,high,low,4,Dynadot Inc,18/03/2010 17:47,18/03/2027 17:47,26/09/2026 04:01
2ffcd0a5-8455-49a9-a659-3ab4b284472a,soldiers.delivery,available,8.99,,medium,low,8,name.com,,,
90470409-72ce-414d-aab8-a5e2efd5a1b0,defense.ooo,premium,623.75,,high,low,7,name.com,,,
fcee92e1-4be4-468a-9abd-7e0a05b9d6a7,navy.cooking,available,43.98,,high,low,4,namecheap,,,
702057fc-9d49-4f3b-a794-4c165d03f986,strategy.attorney,available,62.99,62.99,high,medium,8,namesilo,,,29/09/2026 00:42
ad6d7958-93a5-41e7-83c5-fd09fb96426d,soldier.hosting,available,309.99,329.99,high,low,7,namesilo,,,
e7acb598-acf5-4b19-82e4-ece854461f1b,navy.property,available,,,high,low,4,,,,
a357fd15-5c77-47b1-ab9e-291808c5b415,forces.game,available,309.99,429.99,high,low,6,namesilo,,,16/09/2026 15:45
c49f2746-1be9-4d5d-b940-4c00fc909eaf,navy.live,premium,140,280,high,low,4,namecheap,,,
bffcb7cc-1047-417b-9d69-7d995ca0dd63,strategy.menu,available,27.99,27.99,high,medium,8,namesilo,,,29/09/2026 00:42
30c0d3e1-8ac7-467a-9580-1c52c3237179,strategy.page,premium,249.2,318.72,high,medium,8,unstoppable,,,29/09/2026 00:42
a8c0761a-450d-4732-823d-47676e20c6ce,army.work,premium,640,11.8,high,low,4,namesilo,,,20/09/2026 07:50
d941103a-5e00-4ce3-bc50-0968c4f4cb5e,strategy.channel,premium,257.92,257.92,high,medium,8,spaceship,,,29/09/2026 00:42
51b6f896-bb59-45d8-bd39-463995963a36,army.fan,premium,128.7,128.7,high,low,4,namecheap,,,20/09/2026 07:50
17fc8fca-5eef-4895-b446-98ebe2713f35,defense.ing,premium,455,455,high,low,7,namecheap,,,
a09f4a77-2c97-483d-88d6-d974eb826e6d,forces.cam,available,2.98,22.98,high,low,6,namecheap,,,16/09/2026 15:45
f7effda3-72b6-453f-b52a-e3c7307a035b,soldiers.rip,available,7.99,,medium,low,8,name.com,,,
fae45c82-e3ec-4c26-b81b-c1bdfad7961e,navy.healthcare,available,91.99,,high,low,4,name.com,,,
bb9b95f1-518b-46ae-8014-7925768b4606,forces.wedding,available,33.98,43.98,high,low,6,namecheap,,,16/09/2026 15:45
538687e6-3a2a-4875-9373-2ffa41715ee3,army.lifestyle,premium,640,640,high,low,4,namesilo,,,20/09/2026 07:50
6b7eca7a-80d3-4d60-855c-7e79db4b3455,soldiers.bio,available,9.99,,medium,low,8,name.com,,,
00d4ae72-85e0-4315-9f71-536ccd673b0f,troops.so,available,,,high,low,6,,,,
7acaa266-2902-4d6e-994e-8450f6185297,soldier.at,available,11.99,11.99,high,low,7,namesilo,,,
cf054f44-9bcc-47e8-ab30-3bc1add17881,defense.healthcare,available,91.99,,high,low,7,name.com,,,
480fd105-8fdf-4a71-993c-6150153b25e6,navy.cam,premium,1000,,high,low,4,name.com,,,
41be70d8-7908-4a83-94ee-2a1c74569078,soldiers.dad,premium,36.25,,medium,low,8,name.com,,,
7e225406-1d30-4c03-8231-1f82e8c2b7c2,soldiers.bargains,available,21.99,,medium,low,8,name.com,,,
51ee63bb-05c5-4d14-96ac-b946e7616421,forces.industries,available,45.99,45.99,high,low,6,namesilo,,,16/09/2026 15:45
e9d79267-dc61-41f5-b9ff-061d8ce27658,soldiers.express,available,16.99,,medium,low,8,name.com,,,
6e2e0326-e227-45f3-b123-ac8aa704464c,navy.hiphop,available,33.98,,high,low,4,namecheap,,,
f4e5c798-8e4b-4b70-9354-62c21939a3a0,navy.moi,available,39.99,,high,low,4,name.com,,,
3c8ba385-5b24-46fc-9421-1258e40a4749,navy.cab,available,19.99,,high,low,4,name.com,,,
3347b40d-21fa-4a0b-a433-6f2b9816407b,strategy.living,premium,546.35,546.35,high,medium,8,porkbun,,,29/09/2026 00:42
bc4c825b-07d3-43ad-8d31-8692867b388b,combat.ninja,available,11.98,42.98,high,low,6,namecheap,,,24/09/2026 18:08
8d25b2ef-6ae2-4909-be19-da0963baae89,defense.singles,available,12.99,,high,low,7,name.com,,,
053d006e-2109-4beb-b599-e7a9655440e0,soldiers.holdings,available,64.99,64.99,medium,low,8,namesilo,,,
76a915f5-0b5a-4dd7-874d-33333f4cd56d,navy.paris,available,51.98,,high,low,4,namecheap,,,
fd838747-6420-49ee-9c7d-9f95a42dcfe2,forces.dealer,premium,4278,2660,high,low,6,namesilo,,,16/09/2026 15:45
16d5f2ad-a178-42d0-9970-78806bded4c0,defense.skin,available,1.99,,high,low,7,name.com,,,
77fde2f6-30c7-4b56-82b5-282432b1199c,defense.kitchen,available,14.99,,high,low,7,name.com,,,
df0913d0-8479-40f5-b47b-76fb533e4274,navy.soccer,available,19.99,,high,low,4,name.com,,,
cffeb410-ca5d-44e7-89ed-dee23429479b,soldiers.world,available,4.49,41.49,medium,low,8,namesilo,,,
21cd2dbb-d5f9-4638-bd25-c087f37543c6,soldiers.la,resell,,,medium,low,8,VIPDomains.LA  Founders Program,21/01/2015 15:44,21/01/2027 23:59,26/09/2026 09:08
f543c682-6d38-4d82-ac76-d413b5fa1cd8,soldier.credit,available,11.99,,high,low,7,name.com,,,
1408019a-0bb0-4707-9b81-3932e79feb59,defense.glass,available,77.99,,high,low,7,name.com,,,
fb3c18c8-8fb6-4fd9-9349-a74457e33ae0,soldiers.engineer,available,13.99,,medium,low,8,name.com,,,
2656a6f9-f035-44b1-8498-e893a0977ce8,soldiers.games,available,19.99,,medium,low,8,name.com,,,
7d188e7a-1da0-4085-af78-ed30155f0391,soldiers.international,available,14.99,,medium,low,8,name.com,,,
6531629d-1a8c-4497-9605-502fc47c8827,navy.institute,premium,250,,high,low,4,name.com,,,
5a0851a9-640e-481c-a01a-66159087e24d,army.agency,premium,78.54,78.54,high,low,4,namesilo,,,20/09/2026 07:50
c3363133-ae65-404a-a957-d06ba8081910,strategy.adult,available,51.95,98.53,high,medium,8,spaceship,,,29/09/2026 00:42
d6cd34f2-54dd-4f0c-a5ab-f46d0ebd6176,navy.sbs,premium,19.6,39.2,high,low,4,namecheap,,,
70354a7d-1c25-4b3c-9956-57448a3a3fd8,strategy.osaka,available,26.97,26.97,high,medium,8,dynadot,,,29/09/2026 00:42
cd931312-ddb1-4a6d-a915-db82c4bdbdcf,soldiers.new,available,549.99,,medium,low,8,name.com,,,
d73ac3b4-de58-422d-9f38-cdbb765f8074,troops.tech,resell,,,high,low,6,Squarespace Domains LLC,24/03/2023 02:26,24/03/2027 23:59,26/09/2026 09:46
e3b16e10-39b1-46d3-a0d6-f90e866f0bc0,forces.builders,available,34.98,43.98,high,low,6,namecheap,,,16/09/2026 15:45
0b157a89-ab29-4c83-ba14-f56cd38d3878,soldiers.channel,premium,36.25,,medium,low,8,name.com,,,
0cf14ca4-85ed-4684-be30-97ec6b08ceae,army.contractors,premium,118.8,118.8,high,low,4,namesilo,,,20/09/2026 07:50
5eee705b-8903-4720-9b6e-76db2bdd6507,soldier.host,premium,312.5,,high,low,7,name.com,,,
09adad72-7d70-45fb-83d2-e13879c6101a,navy.wine,available,9.99,,high,low,4,name.com,,,
82f1f66a-5b90-4b01-ab88-3cb142a4b0f1,army.la,resell,,,high,low,4,.LA Founders Premium Program,12/03/2016 04:12,12/03/2027 23:59,26/09/2026 04:01
d50b5ed3-8438-4cb1-ab3b-558242ccce04,strategy.cat,available,18.83,25.04,high,medium,8,spaceship,,,29/09/2026 00:42
207651bc-1735-4a06-98f6-fdf92c7ab00a,navy.archi,available,24.99,,high,low,4,name.com,,,
e8d806c9-f77c-4fa9-8287-520081600053,strategy.phd,premium,427.7,427.7,high,medium,8,namecheap,,,29/09/2026 00:42
6fc7f0da-69eb-4b33-83b3-81e2aeab8d7d,defense.viajes,available,57.98,,high,low,7,namecheap,,,
d92e762b-a0c2-4c4f-94ec-d545b172aaa9,soldier.estate,available,14.99,,high,low,7,name.com,,,
4846d3cc-5d52-4a10-bd91-bcc726a884c9,combat.protection,available,2070,2950,high,low,6,namecheap,,,24/09/2026 18:08
64cbb7e7-8cc2-4ee0-b91f-f37666a2d45f,defense.online,resell,,,high,low,7,"GoDaddy.com, LLC",17/06/2025 14:31,17/06/2027 23:59,26/09/2026 05:28
5fb9b9b4-2279-42da-b3c8-6f2b4ba4a21f,navy.lifestyle,premium,245,350,high,low,4,namecheap,,,
89aab12a-ed43-4fc8-9907-821459b1b35a,soldier.clinic,available,19.99,,high,low,7,name.com,,,
e037a56e-fdf6-4517-84eb-376523dc3d18,defense.name,available,,,high,low,7,,,,
03ab2559-7fbd-45bc-8a23-e6f936a90e99,navy.cricket,premium,437.5,,high,low,4,name.com,,,
29ed2cdd-a69b-4ff1-bacb-0dfcefd07e9a,forces.im,available,4.98,12.98,high,low,6,namecheap,,,16/09/2026 15:45
a078b7f5-7142-4594-8647-b7260acfff96,strategy.fashion,available,32.49,32.49,high,medium,8,namesilo,,,29/09/2026 00:42
67d5d70f-3903-434b-840e-1221b1d0bacc,soldiers.quest,available,1.99,,medium,low,8,name.com,,,
a38bc012-28af-4ebb-a225-ff96808ef76e,navy.tel,premium,24.42,,high,low,4,name.com,,,
8e1567cd-d7a6-4626-9474-7453b604882d,soldier.clothing,available,19.99,,high,low,7,name.com,,,
61270478-3e47-4f54-a6e6-87e40f3b56f4,forces.coffee,available,16.99,42.99,high,low,6,namesilo,,,16/09/2026 15:45
bd032da2-8d08-4743-8c2a-cd8322b9d372,navy.dental,available,59.98,,high,low,4,namecheap,,,
66828d92-a22d-43e5-8981-3cb5fa4ca300,soldier.discount,available,7.99,,high,low,7,name.com,,,
1fa6195d-346b-4325-95ee-70a813563e7b,navy.gallery,premium,123.75,,high,low,4,name.com,,,
8c08b4f4-6d59-4a7d-9e46-de63c12f3441,soldiers.shopping,available,14.99,,medium,low,8,name.com,,,
e014911b-baf7-48ac-aa30-fafee73437c2,battalion.airforce,available,103.99,103.99,high,low,9,namesilo,,,22/09/2026 14:24
9f84ef82-19c1-48a6-b641-a04de3a570a5,strategy.green,premium,1995,1995,high,medium,8,namesilo,,,29/09/2026 00:42
2e5aaf1b-9ebe-45c9-8364-79da07134a61,navy.lawyer,premium,3125,,high,low,4,name.com,,,
6be2d1cb-b92e-4f47-9ecc-919c87e24f25,soldiers.lol,available,1.99,,medium,low,8,name.com,,,
299aaf1f-a3f9-433f-8ac8-7d65eb5fefe8,soldier.tax,available,14.99,,high,low,7,name.com,,,
7a95f317-4ec5-40b4-af33-9f02dac3cb76,strategy.apartments,available,57.99,57.99,high,medium,8,namesilo,,,29/09/2026 00:42
3e82bfbd-5d48-41ee-90a3-184e4a6b6b54,navy.productions,premium,118.8,118.8,high,low,4,namesilo,,,27/09/2026 06:35
b7c07e29-49c8-4c81-94ec-ad560dc38876,soldier.graphics,available,23.99,23.99,high,low,7,namesilo,,,
983b7aa3-56b1-4f0e-a351-fa81d0211035,soldier.cab,available,19.99,,high,low,7,name.com,,,
e02a000d-eedf-4811-9ead-0eceae05dab6,navy.fashion,available,45.98,,high,low,4,namecheap,,,
fa6acfd4-b8f0-4a2f-864a-493264c5d135,army.supplies,premium,242,242,high,low,4,namesilo,,,20/09/2026 07:50
a2cbc195-210f-48a8-97fa-22f54e2f1294,defense.church,available,11.99,,high,low,7,name.com,,,
280e4ad8-b0c2-45fd-ba94-06d5dd8d3a81,army.poker,available,10.99,67.99,high,low,4,namesilo,,,20/09/2026 07:50
8556626d-6fc5-42be-a509-ad9124ca2ed7,defense.surgery,available,67.49,,high,low,7,name.com,,,
0a6866c6-efb1-4d8f-8d22-064aa6773f61,strategy.deal,premium,103.7,103.7,high,medium,8,spaceship,,,29/09/2026 00:42
18e6f359-068b-4757-87a6-c1b67d271a6d,forces.vet,available,41.99,41.99,high,low,6,namesilo,,,16/09/2026 15:45
4bca7713-4e08-4170-a5c4-03be8661dd9c,soldier.help,premium,83.3,116,high,low,7,namesilo,,,
c36f955d-40f0-4445-a934-a475e8a31cae,navy.careers,available,49.99,,high,low,4,name.com,,,
9555f5d9-7b61-4d15-94cb-f72908ca15f4,forces.associates,available,18.99,38.99,high,low,6,namesilo,,,16/09/2026 15:45
7db6bf39-7bc0-43fd-9a2b-aa6974a74a5b,soldier.healthcare,available,88.99,88.99,high,low,7,namesilo,,,
826a8e68-edf9-4139-a526-1175c8e29259,combat.tech,premium,812.5,3250,high,low,6,namecheap,,,24/09/2026 18:08
5c9b6ae3-2501-4385-8ecc-ea9ff86ab275,strategy.singles,available,9.49,33.99,high,medium,8,namesilo,,,29/09/2026 00:42
55e8ea31-ba49-4a35-9e24-dc08c7276bc3,soldier.trading,available,19.99,,high,low,7,name.com,,,
4e12eaee-8a6e-49a3-84d6-d8d896b5674f,forces.football,available,25.99,25.99,high,low,6,namesilo,,,16/09/2026 15:45
eca2ab45-03e5-4c33-a626-6efc033ba5f0,army.locker,premium,318.46,8.8,high,low,4,namesilo,,,20/09/2026 07:50
d312ed9b-9c84-4c8a-9af4-0544ef8500f5,troops.systems,available,18.99,34.99,high,low,6,namesilo,,,25/09/2026 23:43
7af7e5b7-abf1-4adf-9de9-76d3edb68f8a,soldier.dental,available,59.98,,high,low,7,namecheap,,,
0aba4ecd-404f-45c9-9894-b5e6c0a52148,battalion.solutions,available,10.99,30.99,high,low,9,namesilo,,,22/09/2026 14:24
555ec841-ce00-4bfc-bcaf-7c35d4fb6a30,navy.support,available,11.99,,high,low,4,name.com,,,
ddbf24db-2d80-4991-b364-a0be82ce9d82,combat.black,available,17.48,82.98,high,low,6,namecheap,,,24/09/2026 18:08
6f905097-601e-4297-8443-268f85b7e0e0,navy.kim,available,14.99,,high,low,4,name.com,,,
0c44729b-b0f1-48b3-a338-eca94da9f136,soldier.diamonds,available,54.99,54.99,high,low,7,namesilo,,,
806d11c2-0933-4378-b052-cdbb2e033154,forces.claims,available,17.99,64.99,high,low,6,namesilo,,,16/09/2026 15:45
a7be6e72-98a2-4336-9984-004393e2698b,soldiers.help,available,1.99,,medium,low,8,name.com,,,
51f7c38d-d71d-4961-ae28-cdb45427fdef,combat.host,available,4.98,47.48,high,low,6,namecheap,,,24/09/2026 18:08
964cc36f-2853-49d5-bb27-fc4ed71a8a14,soldier.agency,available,7.99,,high,low,7,name.com,,,
c705266a-bf6e-4436-9083-2e63c9ed6498,soldiers.motorcycles,available,1.99,,medium,low,8,name.com,,,
3c20825b-8591-4494-b02d-9d4f7b5a128a,soldier.catering,available,38.99,38.99,high,low,7,namesilo,,,
34236610-402f-4a88-8b55-132db149037b,navy.engineering,premium,123.75,,high,low,4,name.com,,,
b18c2b29-85cd-45bd-ad65-f1e5cedaad37,soldier.pro,resell,,,high,low,7,"Sav.com, LLC - 49",04/04/2026 15:15,04/04/2027 15:15,26/09/2026 09:08
3e41407e-4e5f-41cc-b4f9-8f2325ec38b4,navy.luxury,available,49.99,,high,low,4,name.com,,,
56481460-ac6b-42d9-bd33-8ff120ad487e,navy.ink,premium,125,,high,low,4,name.com,,,
f6bd8374-3e15-4a55-b966-b7d24d3caa3a,forces.tattoo,available,2.98,48.98,high,low,6,namecheap,,,16/09/2026 15:45
ddb27320-d3f2-4570-9600-56b868258685,soldier.vin,available,11.99,,high,low,7,name.com,,,
7c42a0dc-ce60-4f2f-988c-c3c253bf58af,combat.vegas,available,19.98,64.98,high,low,6,namecheap,,,24/09/2026 18:08
29cb49cf-f553-490c-9d8c-dbed2769254e,army.zip,premium,323.7,323.7,high,low,4,namecheap,,,20/09/2026 07:50
3dfe1e91-64c5-4418-9d51-93531fb63476,soldiers.dev,premium,57.82,57.82,high,low,8,namesilo,,,
1d1d48ef-d8b9-49da-8f91-ab7774888bc9,army.schule,available,28.99,28.99,high,low,4,namesilo,,,20/09/2026 07:50
00587d07-7cd8-4805-b167-4d0865df2bcb,defense.nexus,premium,323.7,323.7,high,low,7,namecheap,,,
3aa08b4b-906f-488b-8ef4-78d76b030c15,forces.quest,available,1.99,17.29,high,low,6,namesilo,,,16/09/2026 15:45
697af898-cda4-49d5-abbd-6a8b0f723429,troops.broker,available,11.98,47.98,high,low,6,namecheap,,,25/09/2026 23:43
8d0246da-44e4-4496-a1a8-c5ed5b953034,navy.engineer,available,13.99,,high,low,4,name.com,,,
05e3e2a1-b793-4da0-be3b-e7758819ed0c,soldier.community,available,14.99,,high,low,7,name.com,,,
c8d4a6e0-de06-4e1e-9be4-be9a1e670279,troops.engineering,available,10.48,85.98,high,low,6,namecheap,,,25/09/2026 23:43
85950e93-5a97-467e-98ca-9b4b73fe034f,army.photography,available,6.98,46.48,high,low,4,namecheap,,,20/09/2026 07:50
5620c4dd-abb3-4303-9e6b-58119f72cfc1,navy.dance,available,17.99,,high,low,4,name.com,,,
a9c3ff6e-291b-4915-b910-69f93ff26403,defense.salon,available,14.99,,high,low,7,name.com,,,
325e634f-8477-4840-a07a-8d7ad81241e6,navy.free,premium,1250,,high,low,4,name.com,,,
2d28cff3-a4ac-4944-844d-66afe7c7f43a,defense.press,premium,975,1950,high,low,7,namecheap,,,
16ef012f-d886-49e1-8467-43882a25ce07,army.fish,available,44.49,44.49,high,low,4,namesilo,,,20/09/2026 07:50
c9cf70ae-f2fd-439b-a81d-93038ededc8a,forces.auto,available,1999.99,2199,high,low,6,namesilo,,,16/09/2026 15:45
269b0d8d-0881-4e93-8d84-e5a2eaec1efb,strategy.legal,resell,,,high,medium,8,Dynadot Inc,03/08/2026 17:00,03/08/2027 17:00,29/09/2026 00:42
265c5616-7dba-44c4-ab4f-7cd7cd7f3e71,soldier.ag,available,89,,high,low,7,name.com,,,
abdb2bea-7ba8-4d87-8150-6da34d0f8130,soldiers.fans,premium,53.92,53.92,medium,low,8,namesilo,,,
17d4c742-9d35-4560-89ed-d89574b0e7d6,army.expert,premium,854,854,high,low,4,namesilo,,,20/09/2026 07:50
6b7a6d85-814a-4f7f-ae45-0a7aeebec8bd,soldiers.mov,premium,73.75,,medium,low,8,name.com,,,
7ad2f518-3161-48be-8424-ec9094b856cd,soldiers.plus,available,21.99,,medium,low,8,name.com,,,
cf7d6bd8-fcf5-4bff-b053-e0bb7dbfce0f,forces.boston,available,23.49,23.49,high,low,6,namesilo,,,16/09/2026 15:45
b935b340-07f1-4f5c-9984-b9693827c954,soldiers.estate,available,14.99,,medium,low,8,name.com,,,
53932364-cc55-49ab-9c44-bb463e33c620,army.voyage,available,58.99,58.99,high,low,4,namesilo,,,20/09/2026 07:50
6f4a0d44-0215-4b81-9225-5dc71fb066b2,army.glass,available,76.98,99.98,high,low,4,namecheap,,,20/09/2026 07:50
c8ab738b-4e72-490e-a301-c5c6cfc89c95,combat.wine,available,8.48,75.98,high,low,6,namecheap,,,24/09/2026 18:08
ca3ff946-42b6-4306-b906-164933490b4b,army.video,available,14.99,36.49,high,low,4,namesilo,,,20/09/2026 07:50
edd9a0eb-5f44-4c14-97b9-8bb6c7e6654b,defense.soy,premium,53.3,53.3,high,low,7,namecheap,,,
57c21074-aa5d-47ff-907d-c97a698c442f,army.enterprises,available,11.49,35.99,high,low,4,namesilo,,,20/09/2026 07:50
2f2d8acf-6775-4d0c-90aa-c620d4abb718,soldier.cyou,premium,141.44,282.88,high,low,7,namesilo,,,
16f589eb-52da-4064-8c3d-325adb3aba56,troops.claims,available,17.99,64.99,high,low,6,namesilo,,,25/09/2026 23:43
7e077169-9cb6-4af8-8864-dbfdab77b497,forces.rent,available,17.99,59.99,high,low,6,namesilo,,,16/09/2026 15:45
6d567661-8ac9-4deb-b130-46e1367f5b5a,forces.black,available,27.99,64.99,high,low,6,namesilo,,,16/09/2026 15:45
ad4a3cbe-2bdb-4038-81b9-2e790bc269c0,navy.gmbh,available,47.99,,high,low,4,name.com,,,
48087f08-3d7a-4550-9d0e-883ec55492bb,army.foundation,premium,242,242,high,low,4,namesilo,,,20/09/2026 07:50
3aad194b-44ee-4a56-9bf6-f8fe3fa98520,soldiers.hockey,available,14.99,,medium,low,8,name.com,,,
c284bd13-75c4-4e7e-9363-9d28c38fe741,defense.reisen,available,24.99,,high,low,7,name.com,,,
7f4ff9b6-8fae-4afa-8bb6-a170e76585d1,navy.construction,available,15.99,,high,low,4,name.com,,,
e92e9a74-b3b3-4349-aaed-be9054898477,forces.garden,available,2.19,32.49,high,low,6,namesilo,,,16/09/2026 15:45
ce107d4c-a206-44bf-9888-ca0b7ab69023,defense.mom,available,1.99,,high,low,7,name.com,,,
ccc2b77c-4370-4618-90d1-38c420d5b84c,combat.town,available,6.98,47.48,high,low,6,namecheap,,,24/09/2026 18:08
219c9a8a-414a-4146-b544-0e94a204db7c,troops.ceo,available,10.19,129.99,high,low,6,namesilo,,,25/09/2026 23:43
2dbffdbd-daec-47ef-8b92-5868da709d05,army.movie,available,47.99,349.99,high,low,4,namesilo,,,20/09/2026 07:50
ce8130de-9454-4986-a053-913009b21b0b,combat.game,available,310.98,547.98,high,low,6,namecheap,,,24/09/2026 18:08
ccbcc939-372d-47fb-8030-c7be49fbe949,soldiers.careers,available,49.99,,medium,low,8,name.com,,,
9379829c-e51a-4ffc-84b2-4b29c480511a,strategy.futbol,available,13.2,13.2,high,medium,8,cloudflare,,,29/09/2026 00:42
becaf09a-47f2-49ef-bda1-458721e61a8c,battalion.feedback,available,9.99,329.99,high,low,9,namesilo,,,22/09/2026 14:24
ab2bd7f6-91c3-46d5-ad28-58cfd7afa2e2,navy.gay,premium,812.5,,high,low,4,name.com,,,
c3e79750-9108-4256-87e0-efed93fe6583,combat.marketing,resell,,,high,low,6,"Spaceship, Inc.",30/12/2016 00:43,30/12/2026 00:43,26/09/2026 05:07
ccc8c15a-4aba-482e-b255-3dfda71f2de8,combat.sex,available,69.98,154.98,high,low,6,namecheap,,,24/09/2026 18:08
86e16b6f-578f-4988-8c30-c1a0020bdfa7,soldiers.credit,available,11.99,,medium,low,8,name.com,,,
87b9aa4e-c6f2-4626-b5c8-f655e7d3d43a,battalion.bot,available,64.99,64.99,high,low,9,namesilo,,,22/09/2026 14:24
70ffb7a2-9e27-44fd-8343-462081a8351a,forces.lease,available,56.99,56.99,high,low,6,namesilo,,,16/09/2026 15:45
0a141196-047b-4253-80c9-8df2a8f202f2,troops.win,available,5.25,6.25,high,low,6,namesilo,,,25/09/2026 23:43
b6b31e82-d5d9-401f-bad1-2f50e96471bc,artillery.army,available,18.99,39.99,high,low,9,namesilo,,,20/09/2026 11:43
d2ce9e5d-997a-4b2a-a28a-63123f0a51bb,navy.im,available,,,high,low,4,,,,
13edd1e0-3f2d-4a58-8055-2ba1b4098427,combat.juegos,available,368.98,478.98,high,low,6,namecheap,,,24/09/2026 18:08
4ca7a855-b9d4-4f05-8f93-1fd5525c20c4,forces.motorcycles,available,1.99,17.29,high,low,6,namesilo,,,16/09/2026 15:45
5c519eda-8781-469e-a149-5ead6ba844e5,soldiers.vacations,available,9.99,,medium,low,8,name.com,,,
deb298f1-a056-4a9f-a9c6-d59663ba3218,battalion.tax,available,14.99,67.49,high,low,9,namesilo,,,22/09/2026 14:24
a6c7e0a3-1c10-4bca-8f52-2f956f8bad85,combat.us,resell,,,high,low,6,Rebel Ltd,02/06/2004 18:13,01/06/2027 23:59,26/09/2026 05:07
191e5a6a-c606-4a08-bd17-1b6217511c88,defense.forex,available,19.99,,high,low,7,name.com,,,
083e9402-8e84-451d-816f-e706b200a17a,strategy.moda,available,41.99,41.99,high,medium,8,namesilo,,,29/09/2026 00:42
70aa4e1f-0e52-4bff-b80b-faa88a570028,combat.cruises,available,54.98,68.98,high,low,6,namecheap,,,24/09/2026 18:08
21cac11a-d358-4902-8f68-cb09744dc6cd,soldiers.melbourne,available,53.98,,medium,low,8,namecheap,,,
6012030d-b7be-4d6f-a5f5-e32d7030c84f,strategy.site,premium,1107,1107,high,medium,8,namesilo,,,29/09/2026 00:42
2e6c46d3-91b6-4e8e-b32c-5e62bef49e96,forces.lawyer,available,62.99,62.99,high,low,6,namesilo,,,16/09/2026 15:45
99401efe-716b-4783-985b-8077287d699e,navy.space,premium,350,1400,high,low,4,namecheap,,,
e1f62d3c-7035-474d-827b-2e3303e56215,combat.engineer,available,40.98,52.98,high,low,6,namecheap,,,24/09/2026 18:08
d7fffb24-b519-4ab1-8e22-af0767bea736,combat.makeup,available,1.8,21.98,high,low,6,namecheap,,,24/09/2026 18:08
4638bd4c-bda7-4c93-bcfa-67ae2e2bee8b,army.mobi,available,7.49,55.99,high,low,4,namesilo,,,20/09/2026 07:50
e141faf1-2104-449b-9f7b-fc6935a98bb6,combat.travel,available,23.98,186.98,high,low,6,namecheap,,,24/09/2026 18:08
c4e025e6-074e-4d9c-ad4a-8996eeeef79c,soldiers.recipes,available,11.99,,medium,low,8,name.com,,,
cf5b5aa4-e687-40ef-88eb-4b672bd38ed9,navy.faith,premium,125,,high,low,4,name.com,,,
9e9e6c5c-2f3f-4eff-b994-09cade3035be,troops.meme,premium,65,65,high,low,6,namecheap,,,25/09/2026 23:43
b9e8e682-9487-4598-afa8-178ac734f694,defense.art,premium,354.9,91,high,low,7,namecheap,,,
5b26bdf7-8d99-4b7f-93c1-6b414178e41f,troops.jetzt,available,23.99,23.99,high,low,6,namesilo,,,25/09/2026 23:43
e42fa77d-7f32-45e8-b5ba-746bf10fdda6,battalion.cab,available,33.98,41.98,high,low,9,namecheap,,,22/09/2026 14:24
984b75d7-07bf-4d88-9a1d-17053e6de2e9,troops.poker,available,10.99,67.99,high,low,6,namesilo,,,25/09/2026 23:43
cadae89d-85c6-4955-b5e4-c123bdff9bb1,combat.shoes,available,34.98,81.98,high,low,6,namecheap,,,24/09/2026 18:08
99e863b7-5082-4bf6-8414-f1112a1bdeaa,soldiers.accountant,available,23.59,23.59,medium,low,8,namesilo,,,
5dbdb1fa-e945-4f76-a74d-4947cd617813,defense.rich,available,149.99,,high,low,7,name.com,,,
46bd4874-735a-4f7e-b327-cb8119b46f74,soldier.monster,available,1.99,,high,low,7,name.com,,,
d97ee987-6188-4db4-9832-a480e86b75f3,army.sydney,available,58,58,high,low,4,namesilo,,,20/09/2026 07:50
421d860a-3de6-4344-95d7-5a451993fa51,defense.audio,available,159.98,,high,low,7,namecheap,,,
9f151031-8df1-4dbd-b18f-ec99d6a9750b,troops.black,available,27.99,64.99,high,low,6,namesilo,,,25/09/2026 23:43
06d763d6-ac69-4b8c-828d-8391a3272c9d,forces.ltda,available,34.99,34.99,high,low,6,namesilo,,,16/09/2026 15:45
62ce432d-fa46-40bd-973f-57af3040cca6,troops.new,available,488.98,601.98,high,low,6,namecheap,,,25/09/2026 23:43
adcb31c4-8218-4daf-b589-1925b91664c8,defense.cool,available,50.98,,high,low,7,namecheap,,,
113c0238-3481-4bd5-9a97-0dcf1a74e810,combat.hospital,available,55.98,71.98,high,low,6,namecheap,,,24/09/2026 18:08
b14b573b-ef1c-4d49-a72d-fd3e0aa4dd2c,navy.fm,available,99,,high,low,4,name.com,,,
1ec4d39d-61f3-4f69-ba15-3d60bebc0d97,soldier.luxury,available,49.99,,high,low,7,name.com,,,
773755cb-08db-477b-a179-d4b07aec98b2,forces.ing,premium,455,455,high,low,6,namecheap,,,19/09/2026 00:46
54f915b1-a02b-4910-9ba5-18753d01afde,army.download,premium,130,32.5,high,low,4,namecheap,,,20/09/2026 07:50
b83f96be-9d67-4c00-ac0e-d4764823a988,warfare.co,resell,,,high,low,7,Hello Internet Corp.,20/07/2010 18:00,19/07/2027 23:59,26/09/2026 10:03
91f8e25c-bece-485b-b925-d02e91510ab3,soldier.trade,premium,437.5,,high,low,7,name.com,,,
c514301f-a710-4551-b11a-b9a8a1fc53cc,troops.partners,available,20.99,71.99,high,low,6,namesilo,,,25/09/2026 23:43
15c251d4-5ae8-4808-8f30-0501f6f8f7ed,defense.hockey,available,14.99,,high,low,7,name.com,,,
531bfa72-418f-4b12-8fff-e1cdb92d016b,troops.la,available,27.99,27.99,high,low,6,namesilo,,,25/09/2026 23:43
5f59ecfe-025e-489f-8684-eaf5c7832e5d,soldiers.free,premium,125,,medium,low,8,name.com,,,
bdeea962-ec1d-4624-bd4e-14503993c284,soldiers.domains,available,19.99,,medium,low,8,name.com,,,
1bd19f03-aa23-41e2-9cf0-b3239eb882b2,navy.rip,available,7.99,,high,low,4,name.com,,,
a33a5128-82cd-424d-acdc-510bb91439ae,navy.ski,available,27.99,64.99,high,low,4,namesilo,,,27/09/2026 06:35
29c44700-2c1f-4d78-bec3-a6339215921e,soldier.talk,premium,71.4,71.4,high,low,7,namesilo,,,
69a437bc-9413-40d5-8d77-74bcce7c80f5,soldier.esq,premium,111.25,,high,low,7,name.com,,,
7495901b-0ae9-4509-b1b2-840adcb01d8c,strategy.win,premium,448,53.92,high,medium,8,namesilo,,,29/09/2026 00:42
19cbcff1-8adc-4214-8dc7-2515c3d44e14,combat.ac,available,28.98,76.98,high,low,6,namecheap,,,24/09/2026 18:08
7551f130-90ae-4506-b2af-901b3b532079,troops.gay,premium,302.5,302.5,high,low,6,namesilo,,,25/09/2026 23:43
0f5daa08-b9da-4811-b6cf-7205f6535ff5,soldiers.tools,available,17.99,,medium,low,8,name.com,,,
952ffc32-7b1d-460b-b41f-c9bc1f76ba17,defense.contractors,resell,,,high,low,7,"Spaceship, Inc.",12/08/2015 16:00,12/08/2027 16:00,26/09/2026 05:28
fcbe9b83-da93-4f58-bad4-fa2a2ebeff2d,battalion.bond,available,2,25.98,high,low,9,namecheap,,,22/09/2026 14:24
36d743fd-3c73-4d66-b2e0-47746e738631,combat.guitars,available,108.98,159.98,high,low,6,namecheap,,,24/09/2026 18:08
eef94e35-8f46-4773-a7a4-e13479141938,navy.phd,premium,411.25,,high,low,4,name.com,,,
d99cf3fc-c2a2-467d-870e-6b85fc20edc3,soldier.gratis,available,23.99,23.99,high,low,7,namesilo,,,
9a07b59e-fc5b-4cd9-ac4a-130a91705d4b,soldier.art,premium,291.2,83.3,high,low,7,namesilo,,,
6e3c10f0-781e-4466-9703-22d6814fc65e,soldiers.jetzt,available,9.99,,medium,low,8,name.com,,,
cc04ac32-3c62-4973-b9f4-458273ba8429,soldier.storage,available,509.99,529.99,high,low,7,namesilo,,,
9d0db12a-8756-4e16-99a8-764f81e4b459,troops.icu,premium,384,768,high,low,6,namesilo,,,25/09/2026 23:43
3fde08ac-1d1b-47d9-b1c0-148eafb9fec0,soldier.fail,available,14.99,,high,low,7,name.com,,,
3966d0ff-20da-4a05-b0c0-3990602cb51e,soldiers.observer,available,10.99,10.99,medium,low,8,namesilo,,,
8ac58ffc-e0bb-41e6-93c4-7a715d0b4f35,battalion.marketing,available,6.98,53.98,high,low,9,namecheap,,,22/09/2026 14:24
3abb7429-683f-4e76-8d5b-f97c5bc45d10,combat.sarl,available,6.98,8.98,high,low,6,namecheap,,,24/09/2026 18:08
29fc382b-29c2-4c3f-9952-c8f8cc9824c8,soldier.tours,available,9.99,,high,low,7,name.com,,,
3ac79016-c6d7-4e90-a05d-080117b44696,battalion.im,available,4.98,12.98,high,low,9,namecheap,,,22/09/2026 14:24
6bb40ab6-ab77-48e7-b5fe-43ba58f65ac4,soldier.moe,available,13.99,13.99,high,low,7,namesilo,,,
a696ace4-215f-40bb-8625-7d8c1b88306f,troops.family,premium,71.4,71.4,high,low,6,namesilo,,,25/09/2026 23:43
afc1d04d-6f5b-40c8-9a0d-d9505fd796b6,soldier.wtf,available,5.99,,high,low,7,name.com,,,
b8bbf51b-91fb-4618-89a2-6959dc37a0ba,soldier.ninja,available,9.99,,high,low,7,name.com,,,
9dd88af7-01aa-4ef4-84bb-1b69b247d192,forces.best,available,2.28,29.98,high,low,6,namecheap,,,16/09/2026 15:45
9fd73b00-5418-4d7e-8306-82c65d1107f1,battalion.art,premium,291.2,83.3,high,low,9,namesilo,,,22/09/2026 14:24
ccb06ef1-f1e8-469b-8b96-dff2bd028650,soldier.website,premium,156.25,,high,low,7,name.com,,,
ceffe876-766b-45e8-9f43-23ad9c3ca1e2,defense.bond,premium,95.55,382.2,high,low,7,namecheap,,,
8be33f8b-bb61-4858-84a4-4fe1e7b4f2b5,soldiers.audio,available,104.99,114.99,medium,low,8,namesilo,,,
1139e474-c452-45d8-8782-7e246a4903c1,forces.download,premium,448,53.92,high,low,6,namesilo,,,16/09/2026 15:45